{
  "best_epoch": 0,
  "peak_cpu_memory_MB": 5513.076,
  "peak_gpu_0_memory_MB": 1505,
  "peak_gpu_1_memory_MB": 10180,
  "peak_gpu_2_memory_MB": 8917,
  "peak_gpu_3_memory_MB": 8463,
  "peak_gpu_4_memory_MB": 1201,
  "peak_gpu_5_memory_MB": 1727,
  "peak_gpu_6_memory_MB": 0,
  "peak_gpu_7_memory_MB": 1291,
  "training_duration": "0:44:12.689759",
  "training_start_epoch": 0,
  "training_epochs": 0,
  "epoch": 0,
  "training_start_acc": 0.41992488498727154,
  "training_end_acc": 0.4543430861082889,
  "training_span_acc": 0.33026632724117855,
  "training_em": 0.3703581091108346,
  "training_f1": 0.49982248284662323,
  "training_loss": 4.176277975785678,
  "training_cpu_memory_MB": 5513.076,
  "training_gpu_0_memory_MB": 1505,
  "training_gpu_1_memory_MB": 10180,
  "training_gpu_2_memory_MB": 8917,
  "training_gpu_3_memory_MB": 8463,
  "training_gpu_4_memory_MB": 1201,
  "training_gpu_5_memory_MB": 1727,
  "training_gpu_6_memory_MB": 0,
  "training_gpu_7_memory_MB": 1291,
  "validation_start_acc": 0.6122043519394513,
  "validation_end_acc": 0.6563859981078524,
  "validation_span_acc": 0.5270577105014191,
  "validation_em": 0.6538315988647114,
  "validation_f1": 0.7531417253575896,
  "validation_loss": 2.5445521858503235,
  "best_validation_start_acc": 0.6122043519394513,
  "best_validation_end_acc": 0.6563859981078524,
  "best_validation_span_acc": 0.5270577105014191,
  "best_validation_em": 0.6538315988647114,
  "best_validation_f1": 0.7531417253575896,
  "best_validation_loss": 2.5445521858503235
}