{
  "best_epoch": 4,
  "peak_cpu_memory_MB": 37753.164,
  "peak_gpu_0_memory_MB": 1505,
  "peak_gpu_1_memory_MB": 10180,
  "peak_gpu_2_memory_MB": 8917,
  "peak_gpu_3_memory_MB": 8463,
  "peak_gpu_4_memory_MB": 10609,
  "peak_gpu_5_memory_MB": 1727,
  "peak_gpu_6_memory_MB": 0,
  "peak_gpu_7_memory_MB": 1291,
  "training_duration": "3:19:00.929326",
  "training_start_epoch": 0,
  "training_epochs": 4,
  "epoch": 4,
  "training_start_acc": 0.7046313314078928,
  "training_end_acc": 0.7476569367230219,
  "training_span_acc": 0.6139910272948321,
  "training_em": 0.6731241224214888,
  "training_f1": 0.8023310831889583,
  "training_loss": 1.8060343536339938,
  "training_cpu_memory_MB": 37753.164,
  "training_gpu_0_memory_MB": 1505,
  "training_gpu_1_memory_MB": 10180,
  "training_gpu_2_memory_MB": 8917,
  "training_gpu_3_memory_MB": 8463,
  "training_gpu_4_memory_MB": 10609,
  "training_gpu_5_memory_MB": 1727,
  "training_gpu_6_memory_MB": 0,
  "training_gpu_7_memory_MB": 1291,
  "validation_start_acc": 0.6621570482497635,
  "validation_end_acc": 0.697918637653737,
  "validation_span_acc": 0.5751182592242194,
  "validation_em": 0.7123935666982024,
  "validation_f1": 0.8050847728846003,
  "validation_loss": 2.260706056288953,
  "best_validation_start_acc": 0.6621570482497635,
  "best_validation_end_acc": 0.697918637653737,
  "best_validation_span_acc": 0.5751182592242194,
  "best_validation_em": 0.7123935666982024,
  "best_validation_f1": 0.8050847728846003,
  "best_validation_loss": 2.260706056288953
}