{
  "best_epoch": 4,
  "peak_cpu_memory_MB": 37755.216,
  "peak_gpu_0_memory_MB": 1505,
  "peak_gpu_1_memory_MB": 10180,
  "peak_gpu_2_memory_MB": 8917,
  "peak_gpu_3_memory_MB": 8463,
  "peak_gpu_4_memory_MB": 10609,
  "peak_gpu_5_memory_MB": 1727,
  "peak_gpu_6_memory_MB": 0,
  "peak_gpu_7_memory_MB": 1291,
  "training_duration": "3:57:25.834269",
  "training_start_epoch": 0,
  "training_epochs": 5,
  "epoch": 5,
  "training_start_acc": 0.7312754711811779,
  "training_end_acc": 0.7691754472083014,
  "training_span_acc": 0.6404639322366694,
  "training_em": 0.6987180218952271,
  "training_f1": 0.8236575055336727,
  "training_loss": 1.615734615064647,
  "training_cpu_memory_MB": 37755.216,
  "training_gpu_0_memory_MB": 1505,
  "training_gpu_1_memory_MB": 10180,
  "training_gpu_2_memory_MB": 0,
  "training_gpu_3_memory_MB": 8463,
  "training_gpu_4_memory_MB": 10609,
  "training_gpu_5_memory_MB": 1727,
  "training_gpu_6_memory_MB": 0,
  "training_gpu_7_memory_MB": 1291,
  "validation_start_acc": 0.6533585619678335,
  "validation_end_acc": 0.6911069063386944,
  "validation_span_acc": 0.5586565752128666,
  "validation_em": 0.7035004730368969,
  "validation_f1": 0.7984463775161048,
  "validation_loss": 2.3153322521245703,
  "best_validation_start_acc": 0.6621570482497635,
  "best_validation_end_acc": 0.697918637653737,
  "best_validation_span_acc": 0.5751182592242194,
  "best_validation_em": 0.7123935666982024,
  "best_validation_f1": 0.8050847728846003,
  "best_validation_loss": 2.260706056288953
}