{
  "best_epoch": 4,
  "peak_cpu_memory_MB": 37767.728,
  "peak_gpu_0_memory_MB": 1505,
  "peak_gpu_1_memory_MB": 10180,
  "peak_gpu_2_memory_MB": 8917,
  "peak_gpu_3_memory_MB": 8463,
  "peak_gpu_4_memory_MB": 10611,
  "peak_gpu_5_memory_MB": 1727,
  "peak_gpu_6_memory_MB": 0,
  "peak_gpu_7_memory_MB": 1291,
  "training_duration": "9:06:12.420855",
  "training_start_epoch": 0,
  "training_epochs": 13,
  "epoch": 13,
  "training_start_acc": 0.9484354844233381,
  "training_end_acc": 0.9510610851722051,
  "training_span_acc": 0.9135949040514161,
  "training_em": 0.9299535382824005,
  "training_f1": 0.9655127451721208,
  "training_loss": 0.2970909375084998,
  "training_cpu_memory_MB": 37767.728,
  "training_gpu_0_memory_MB": 1505,
  "training_gpu_1_memory_MB": 0,
  "training_gpu_2_memory_MB": 0,
  "training_gpu_3_memory_MB": 8463,
  "training_gpu_4_memory_MB": 10611,
  "training_gpu_5_memory_MB": 1727,
  "training_gpu_6_memory_MB": 0,
  "training_gpu_7_memory_MB": 1291,
  "validation_start_acc": 0.6285714285714286,
  "validation_end_acc": 0.6754966887417219,
  "validation_span_acc": 0.5394512771996216,
  "validation_em": 0.6840113528855251,
  "validation_f1": 0.7870145196552174,
  "validation_loss": 4.294270279722394,
  "best_validation_start_acc": 0.6621570482497635,
  "best_validation_end_acc": 0.697918637653737,
  "best_validation_span_acc": 0.5751182592242194,
  "best_validation_em": 0.7123935666982024,
  "best_validation_f1": 0.8050847728846003,
  "best_validation_loss": 2.260706056288953
}