{
  "best_epoch": 4,
  "peak_cpu_memory_MB": 37767.688,
  "peak_gpu_0_memory_MB": 1505,
  "peak_gpu_1_memory_MB": 10180,
  "peak_gpu_2_memory_MB": 8917,
  "peak_gpu_3_memory_MB": 8463,
  "peak_gpu_4_memory_MB": 10611,
  "peak_gpu_5_memory_MB": 1727,
  "peak_gpu_6_memory_MB": 0,
  "peak_gpu_7_memory_MB": 1291,
  "training_duration": "7:10:16.614085",
  "training_start_epoch": 0,
  "training_epochs": 10,
  "epoch": 10,
  "training_start_acc": 0.8852612472745123,
  "training_end_acc": 0.9016997910935056,
  "training_span_acc": 0.8262423087021541,
  "training_em": 0.8615395152912705,
  "training_f1": 0.9312618269449147,
  "training_loss": 0.6375107748833694,
  "training_cpu_memory_MB": 37767.688,
  "training_gpu_0_memory_MB": 1505,
  "training_gpu_1_memory_MB": 0,
  "training_gpu_2_memory_MB": 0,
  "training_gpu_3_memory_MB": 8463,
  "training_gpu_4_memory_MB": 10611,
  "training_gpu_5_memory_MB": 1727,
  "training_gpu_6_memory_MB": 0,
  "training_gpu_7_memory_MB": 1291,
  "validation_start_acc": 0.6464522232734153,
  "validation_end_acc": 0.682876064333018,
  "validation_span_acc": 0.5552507095553453,
  "validation_em": 0.697918637653737,
  "validation_f1": 0.794668425944899,
  "validation_loss": 3.3282038337779496,
  "best_validation_start_acc": 0.6621570482497635,
  "best_validation_end_acc": 0.697918637653737,
  "best_validation_span_acc": 0.5751182592242194,
  "best_validation_em": 0.7123935666982024,
  "best_validation_f1": 0.8050847728846003,
  "best_validation_loss": 2.260706056288953
}