{
  "best_epoch": 4,
  "peak_cpu_memory_MB": 37767.688,
  "peak_gpu_0_memory_MB": 1505,
  "peak_gpu_1_memory_MB": 10180,
  "peak_gpu_2_memory_MB": 8917,
  "peak_gpu_3_memory_MB": 8463,
  "peak_gpu_4_memory_MB": 10611,
  "peak_gpu_5_memory_MB": 1727,
  "peak_gpu_6_memory_MB": 0,
  "peak_gpu_7_memory_MB": 1291,
  "training_duration": "5:52:56.631610",
  "training_start_epoch": 0,
  "training_epochs": 8,
  "epoch": 8,
  "training_start_acc": 0.8311053779152731,
  "training_end_acc": 0.8577495176885581,
  "training_span_acc": 0.7570520211417938,
  "training_em": 0.8028059681046588,
  "training_f1": 0.8977439145824544,
  "training_loss": 0.9535576608491271,
  "training_cpu_memory_MB": 37767.688,
  "training_gpu_0_memory_MB": 1505,
  "training_gpu_1_memory_MB": 0,
  "training_gpu_2_memory_MB": 0,
  "training_gpu_3_memory_MB": 8463,
  "training_gpu_4_memory_MB": 10611,
  "training_gpu_5_memory_MB": 1727,
  "training_gpu_6_memory_MB": 0,
  "training_gpu_7_memory_MB": 1291,
  "validation_start_acc": 0.6470198675496689,
  "validation_end_acc": 0.6871333964049195,
  "validation_span_acc": 0.5603595080416273,
  "validation_em": 0.703027436140019,
  "validation_f1": 0.795783673611878,
  "validation_loss": 2.7549285600770195,
  "best_validation_start_acc": 0.6621570482497635,
  "best_validation_end_acc": 0.697918637653737,
  "best_validation_span_acc": 0.5751182592242194,
  "best_validation_em": 0.7123935666982024,
  "best_validation_f1": 0.8050847728846003,
  "best_validation_loss": 2.260706056288953
}