{
  "best_epoch": 4,
  "peak_cpu_memory_MB": 37767.38,
  "peak_gpu_0_memory_MB": 1505,
  "peak_gpu_1_memory_MB": 10180,
  "peak_gpu_2_memory_MB": 8917,
  "peak_gpu_3_memory_MB": 8463,
  "peak_gpu_4_memory_MB": 10611,
  "peak_gpu_5_memory_MB": 1727,
  "peak_gpu_6_memory_MB": 0,
  "peak_gpu_7_memory_MB": 1291,
  "training_duration": "4:35:48.403815",
  "training_start_epoch": 0,
  "training_epochs": 6,
  "epoch": 6,
  "training_start_acc": 0.7538784689322937,
  "training_end_acc": 0.789894861813491,
  "training_span_acc": 0.6658637655681001,
  "training_em": 0.7207045742531307,
  "training_f1": 0.8407981367144063,
  "training_loss": 1.453451998593056,
  "training_cpu_memory_MB": 37767.38,
  "training_gpu_0_memory_MB": 1505,
  "training_gpu_1_memory_MB": 10180,
  "training_gpu_2_memory_MB": 0,
  "training_gpu_3_memory_MB": 8463,
  "training_gpu_4_memory_MB": 10611,
  "training_gpu_5_memory_MB": 1727,
  "training_gpu_6_memory_MB": 0,
  "training_gpu_7_memory_MB": 1291,
  "validation_start_acc": 0.6577105014191107,
  "validation_end_acc": 0.6966887417218544,
  "validation_span_acc": 0.5717123935666982,
  "validation_em": 0.710879848628193,
  "validation_f1": 0.8008145694470288,
  "validation_loss": 2.3737486672851276,
  "best_validation_start_acc": 0.6621570482497635,
  "best_validation_end_acc": 0.697918637653737,
  "best_validation_span_acc": 0.5751182592242194,
  "best_validation_em": 0.7123935666982024,
  "best_validation_f1": 0.8050847728846003,
  "best_validation_loss": 2.260706056288953
}