{
  "best_epoch": 4,
  "peak_cpu_memory_MB": 37767.704,
  "peak_gpu_0_memory_MB": 1505,
  "peak_gpu_1_memory_MB": 10180,
  "peak_gpu_2_memory_MB": 8917,
  "peak_gpu_3_memory_MB": 8463,
  "peak_gpu_4_memory_MB": 10611,
  "peak_gpu_5_memory_MB": 1727,
  "peak_gpu_6_memory_MB": 0,
  "peak_gpu_7_memory_MB": 1291,
  "training_duration": "8:27:33.265269",
  "training_start_epoch": 0,
  "training_epochs": 12,
  "epoch": 12,
  "training_start_acc": 0.9375335334878252,
  "training_end_acc": 0.9431614516147444,
  "training_span_acc": 0.898252263153689,
  "training_em": 0.9187205333394217,
  "training_f1": 0.9603441450419826,
  "training_loss": 0.34973472965600555,
  "training_cpu_memory_MB": 37767.704,
  "training_gpu_0_memory_MB": 1505,
  "training_gpu_1_memory_MB": 0,
  "training_gpu_2_memory_MB": 0,
  "training_gpu_3_memory_MB": 8463,
  "training_gpu_4_memory_MB": 10611,
  "training_gpu_5_memory_MB": 1727,
  "training_gpu_6_memory_MB": 0,
  "training_gpu_7_memory_MB": 1291,
  "validation_start_acc": 0.6378429517502365,
  "validation_end_acc": 0.6802270577105014,
  "validation_span_acc": 0.5468306527909177,
  "validation_em": 0.6944181646168401,
  "validation_f1": 0.7928174196897682,
  "validation_loss": 4.083381638436947,
  "best_validation_start_acc": 0.6621570482497635,
  "best_validation_end_acc": 0.697918637653737,
  "best_validation_span_acc": 0.5751182592242194,
  "best_validation_em": 0.7123935666982024,
  "best_validation_f1": 0.8050847728846003,
  "best_validation_loss": 2.260706056288953
}