{
  "best_epoch": 2,
  "peak_cpu_memory_MB": 37750.896,
  "peak_gpu_0_memory_MB": 1505,
  "peak_gpu_1_memory_MB": 10180,
  "peak_gpu_2_memory_MB": 8917,
  "peak_gpu_3_memory_MB": 8463,
  "peak_gpu_4_memory_MB": 10609,
  "peak_gpu_5_memory_MB": 1727,
  "peak_gpu_6_memory_MB": 0,
  "peak_gpu_7_memory_MB": 1291,
  "training_duration": "2:40:21.873883",
  "training_start_epoch": 0,
  "training_epochs": 3,
  "epoch": 3,
  "training_start_acc": 0.6769597826459206,
  "training_end_acc": 0.7182387926802818,
  "training_span_acc": 0.5842075822783365,
  "training_em": 0.6426899850454914,
  "training_f1": 0.7768565758565568,
  "training_loss": 2.0344188186131658,
  "training_cpu_memory_MB": 37750.896,
  "training_gpu_0_memory_MB": 1505,
  "training_gpu_1_memory_MB": 10180,
  "training_gpu_2_memory_MB": 8917,
  "training_gpu_3_memory_MB": 8463,
  "training_gpu_4_memory_MB": 10609,
  "training_gpu_5_memory_MB": 1727,
  "training_gpu_6_memory_MB": 0,
  "training_gpu_7_memory_MB": 1291,
  "validation_start_acc": 0.6637653736991486,
  "validation_end_acc": 0.691674550614948,
  "validation_span_acc": 0.5682119205298013,
  "validation_em": 0.7057710501419111,
  "validation_f1": 0.7996172791040647,
  "validation_loss": 2.2070515443693917,
  "best_validation_start_acc": 0.663197729422895,
  "best_validation_end_acc": 0.6964995269631031,
  "best_validation_span_acc": 0.5714285714285714,
  "best_validation_em": 0.7061494796594134,
  "best_validation_f1": 0.798405934464875,
  "best_validation_loss": 2.217534109331527
}