{
  "best_epoch": 2,
  "peak_cpu_memory_MB": 37747.744,
  "peak_gpu_0_memory_MB": 1505,
  "peak_gpu_1_memory_MB": 10180,
  "peak_gpu_2_memory_MB": 8917,
  "peak_gpu_3_memory_MB": 8463,
  "peak_gpu_4_memory_MB": 10609,
  "peak_gpu_5_memory_MB": 1727,
  "peak_gpu_6_memory_MB": 0,
  "peak_gpu_7_memory_MB": 1291,
  "training_duration": "2:01:38.942225",
  "training_start_epoch": 0,
  "training_epochs": 2,
  "epoch": 2,
  "training_start_acc": 0.6404639322366694,
  "training_end_acc": 0.6854644459411637,
  "training_span_acc": 0.5468213107455565,
  "training_em": 0.6057146771081862,
  "training_f1": 0.7439603705974484,
  "training_loss": 2.321084740499383,
  "training_cpu_memory_MB": 37747.744,
  "training_gpu_0_memory_MB": 1505,
  "training_gpu_1_memory_MB": 10180,
  "training_gpu_2_memory_MB": 8917,
  "training_gpu_3_memory_MB": 8463,
  "training_gpu_4_memory_MB": 10609,
  "training_gpu_5_memory_MB": 1727,
  "training_gpu_6_memory_MB": 0,
  "training_gpu_7_memory_MB": 1291,
  "validation_start_acc": 0.663197729422895,
  "validation_end_acc": 0.6964995269631031,
  "validation_span_acc": 0.5714285714285714,
  "validation_em": 0.7061494796594134,
  "validation_f1": 0.798405934464875,
  "validation_loss": 2.217534109331527,
  "best_validation_start_acc": 0.663197729422895,
  "best_validation_end_acc": 0.6964995269631031,
  "best_validation_span_acc": 0.5714285714285714,
  "best_validation_em": 0.7061494796594134,
  "best_validation_f1": 0.798405934464875,
  "best_validation_loss": 2.217534109331527
}