{
  "best_epoch": 4,
  "peak_cpu_memory_MB": 37767.704,
  "peak_gpu_0_memory_MB": 1505,
  "peak_gpu_1_memory_MB": 10180,
  "peak_gpu_2_memory_MB": 8917,
  "peak_gpu_3_memory_MB": 8463,
  "peak_gpu_4_memory_MB": 10611,
  "peak_gpu_5_memory_MB": 1727,
  "peak_gpu_6_memory_MB": 0,
  "peak_gpu_7_memory_MB": 1291,
  "training_duration": "7:48:55.316465",
  "training_start_epoch": 0,
  "training_epochs": 11,
  "epoch": 11,
  "training_start_acc": 0.9191086656240368,
  "training_end_acc": 0.928241189967922,
  "training_span_acc": 0.8716766173129831,
  "training_em": 0.8980467813559515,
  "training_f1": 0.9502618333951328,
  "training_loss": 0.4536363758589035,
  "training_cpu_memory_MB": 37767.704,
  "training_gpu_0_memory_MB": 1505,
  "training_gpu_1_memory_MB": 0,
  "training_gpu_2_memory_MB": 0,
  "training_gpu_3_memory_MB": 8463,
  "training_gpu_4_memory_MB": 10611,
  "training_gpu_5_memory_MB": 1727,
  "training_gpu_6_memory_MB": 0,
  "training_gpu_7_memory_MB": 1291,
  "validation_start_acc": 0.6410596026490066,
  "validation_end_acc": 0.6812677388836329,
  "validation_span_acc": 0.5513718070009461,
  "validation_em": 0.695837275307474,
  "validation_f1": 0.7935625699136309,
  "validation_loss": 3.711740935748478,
  "best_validation_start_acc": 0.6621570482497635,
  "best_validation_end_acc": 0.697918637653737,
  "best_validation_span_acc": 0.5751182592242194,
  "best_validation_em": 0.7123935666982024,
  "best_validation_f1": 0.8050847728846003,
  "best_validation_loss": 2.260706056288953
}