{
  "best_epoch": 4,
  "peak_cpu_memory_MB": 37767.688,
  "peak_gpu_0_memory_MB": 1505,
  "peak_gpu_1_memory_MB": 10180,
  "peak_gpu_2_memory_MB": 8917,
  "peak_gpu_3_memory_MB": 8463,
  "peak_gpu_4_memory_MB": 10611,
  "peak_gpu_5_memory_MB": 1727,
  "peak_gpu_6_memory_MB": 0,
  "peak_gpu_7_memory_MB": 1291,
  "training_duration": "6:31:37.335341",
  "training_start_epoch": 0,
  "training_epochs": 9,
  "epoch": 9,
  "training_start_acc": 0.865386591171132,
  "training_end_acc": 0.8868822703455519,
  "training_span_acc": 0.799678078516878,
  "training_em": 0.8403634744688866,
  "training_f1": 0.9205195976653971,
  "training_loss": 0.7461825229261564,
  "training_cpu_memory_MB": 37767.688,
  "training_gpu_0_memory_MB": 1505,
  "training_gpu_1_memory_MB": 0,
  "training_gpu_2_memory_MB": 0,
  "training_gpu_3_memory_MB": 8463,
  "training_gpu_4_memory_MB": 10611,
  "training_gpu_5_memory_MB": 1727,
  "training_gpu_6_memory_MB": 0,
  "training_gpu_7_memory_MB": 1291,
  "validation_start_acc": 0.6462630085146641,
  "validation_end_acc": 0.689120151371807,
  "validation_span_acc": 0.5618732261116367,
  "validation_em": 0.7037842951750236,
  "validation_f1": 0.7972208987764413,
  "validation_loss": 3.0264540528351405,
  "best_validation_start_acc": 0.6621570482497635,
  "best_validation_end_acc": 0.697918637653737,
  "best_validation_span_acc": 0.5751182592242194,
  "best_validation_em": 0.7123935666982024,
  "best_validation_f1": 0.8050847728846003,
  "best_validation_loss": 2.260706056288953
}