{
  "best_epoch": 4,
  "peak_cpu_memory_MB": 37767.688,
  "peak_gpu_0_memory_MB": 1505,
  "peak_gpu_1_memory_MB": 10180,
  "peak_gpu_2_memory_MB": 8917,
  "peak_gpu_3_memory_MB": 8463,
  "peak_gpu_4_memory_MB": 10611,
  "peak_gpu_5_memory_MB": 1727,
  "peak_gpu_6_memory_MB": 0,
  "peak_gpu_7_memory_MB": 1291,
  "training_duration": "5:14:19.867756",
  "training_start_epoch": 0,
  "training_epochs": 7,
  "epoch": 7,
  "training_start_acc": 0.7738102033128232,
  "training_end_acc": 0.8075206337971894,
  "training_span_acc": 0.6896882384502107,
  "training_em": 0.7416408863114876,
  "training_f1": 0.8553442727311668,
  "training_loss": 1.3182326050789934,
  "training_cpu_memory_MB": 37767.688,
  "training_gpu_0_memory_MB": 1505,
  "training_gpu_1_memory_MB": 10180,
  "training_gpu_2_memory_MB": 0,
  "training_gpu_3_memory_MB": 8463,
  "training_gpu_4_memory_MB": 10611,
  "training_gpu_5_memory_MB": 1727,
  "training_gpu_6_memory_MB": 0,
  "training_gpu_7_memory_MB": 1291,
  "validation_start_acc": 0.6548722800378429,
  "validation_end_acc": 0.69120151371807,
  "validation_span_acc": 0.5659413434247871,
  "validation_em": 0.7078524124881741,
  "validation_f1": 0.7989946042060713,
  "validation_loss": 2.516238929640572,
  "best_validation_start_acc": 0.6621570482497635,
  "best_validation_end_acc": 0.697918637653737,
  "best_validation_span_acc": 0.5751182592242194,
  "best_validation_em": 0.7123935666982024,
  "best_validation_f1": 0.8050847728846003,
  "best_validation_loss": 2.260706056288953
}