{
  "best_epoch": 1,
  "peak_cpu_memory_MB": 37733.992,
  "peak_gpu_0_memory_MB": 1505,
  "peak_gpu_1_memory_MB": 10180,
  "peak_gpu_2_memory_MB": 8917,
  "peak_gpu_3_memory_MB": 8463,
  "peak_gpu_4_memory_MB": 10609,
  "peak_gpu_5_memory_MB": 1727,
  "peak_gpu_6_memory_MB": 0,
  "peak_gpu_7_memory_MB": 1291,
  "training_duration": "1:22:58.026933",
  "training_start_epoch": 0,
  "training_epochs": 1,
  "epoch": 1,
  "training_start_acc": 0.5952465210790078,
  "training_end_acc": 0.6375757714129157,
  "training_span_acc": 0.4982819438578066,
  "training_em": 0.5553031427299399,
  "training_f1": 0.6963828498928814,
  "training_loss": 2.6929418800084015,
  "training_cpu_memory_MB": 37733.992,
  "training_gpu_0_memory_MB": 1505,
  "training_gpu_1_memory_MB": 10180,
  "training_gpu_2_memory_MB": 8917,
  "training_gpu_3_memory_MB": 8463,
  "training_gpu_4_memory_MB": 10609,
  "training_gpu_5_memory_MB": 1727,
  "training_gpu_6_memory_MB": 0,
  "training_gpu_7_memory_MB": 1291,
  "validation_start_acc": 0.6436140018921476,
  "validation_end_acc": 0.6784295175023651,
  "validation_span_acc": 0.5485335856196784,
  "validation_em": 0.6772942289498581,
  "validation_f1": 0.7774882959403813,
  "validation_loss": 2.3517837969761977,
  "best_validation_start_acc": 0.6436140018921476,
  "best_validation_end_acc": 0.6784295175023651,
  "best_validation_span_acc": 0.5485335856196784,
  "best_validation_em": 0.6772942289498581,
  "best_validation_f1": 0.7774882959403813,
  "best_validation_loss": 2.3517837969761977
}