{
  "best_epoch": 2,
  "peak_cpu_memory_MB": 7603.32,
  "peak_gpu_0_memory_MB": 1505,
  "peak_gpu_1_memory_MB": 10180,
  "peak_gpu_2_memory_MB": 7139,
  "peak_gpu_3_memory_MB": 8463,
  "peak_gpu_4_memory_MB": 10,
  "peak_gpu_5_memory_MB": 1727,
  "peak_gpu_6_memory_MB": 0,
  "peak_gpu_7_memory_MB": 1291,
  "training_duration": "0:37:15.866130",
  "training_start_epoch": 0,
  "training_epochs": 2,
  "epoch": 2,
  "training_start_acc": 0.5804974942636332,
  "training_end_acc": 0.6251555383052317,
  "training_span_acc": 0.48199180355940136,
  "training_em": 0.5366842087238439,
  "training_f1": 0.6826929985983707,
  "training_loss": 2.832739564708379,
  "training_cpu_memory_MB": 7603.32,
  "training_gpu_0_memory_MB": 1505,
  "training_gpu_1_memory_MB": 10180,
  "training_gpu_2_memory_MB": 7139,
  "training_gpu_3_memory_MB": 8463,
  "training_gpu_4_memory_MB": 10,
  "training_gpu_5_memory_MB": 1727,
  "training_gpu_6_memory_MB": 0,
  "training_gpu_7_memory_MB": 1291,
  "validation_start_acc": 0.6176915799432355,
  "validation_end_acc": 0.6489120151371807,
  "validation_span_acc": 0.5225165562913907,
  "validation_em": 0.6421948912015137,
  "validation_f1": 0.7488161078745513,
  "validation_loss": 2.599565225727153,
  "best_validation_start_acc": 0.6176915799432355,
  "best_validation_end_acc": 0.6489120151371807,
  "best_validation_span_acc": 0.5225165562913907,
  "best_validation_em": 0.6421948912015137,
  "best_validation_f1": 0.7488161078745513,
  "best_validation_loss": 2.599565225727153
}