{
  "best_epoch": 9,
  "peak_cpu_memory_MB": 7614.196,
  "peak_gpu_0_memory_MB": 1505,
  "peak_gpu_1_memory_MB": 10180,
  "peak_gpu_2_memory_MB": 8917,
  "peak_gpu_3_memory_MB": 8463,
  "peak_gpu_4_memory_MB": 16105,
  "peak_gpu_5_memory_MB": 1727,
  "peak_gpu_6_memory_MB": 0,
  "peak_gpu_7_memory_MB": 1291,
  "training_duration": "3:05:32.933828",
  "training_start_epoch": 0,
  "training_epochs": 15,
  "epoch": 15,
  "training_start_acc": 0.7931254923001404,
  "training_end_acc": 0.8432972979143597,
  "training_span_acc": 0.7145401203210082,
  "training_em": 0.7686845740248176,
  "training_f1": 0.8822181740425546,
  "training_loss": 1.1065911030388313,
  "training_cpu_memory_MB": 7614.196,
  "training_gpu_0_memory_MB": 1505,
  "training_gpu_1_memory_MB": 10180,
  "training_gpu_2_memory_MB": 8917,
  "training_gpu_3_memory_MB": 8463,
  "training_gpu_4_memory_MB": 10609,
  "training_gpu_5_memory_MB": 1727,
  "training_gpu_6_memory_MB": 0,
  "training_gpu_7_memory_MB": 1291,
  "validation_start_acc": 0.6158940397350994,
  "validation_end_acc": 0.6522232734153264,
  "validation_span_acc": 0.5270577105014191,
  "validation_em": 0.6551561021759698,
  "validation_f1": 0.758370857717817,
  "validation_loss": 3.1395144638025534,
  "best_validation_start_acc": 0.6304635761589404,
  "best_validation_end_acc": 0.6685903500473037,
  "best_validation_span_acc": 0.5455061494796594,
  "best_validation_em": 0.671523178807947,
  "best_validation_f1": 0.7695092345566755,
  "best_validation_loss": 2.572438447880295
}