{
  "best_epoch": 9,
  "peak_cpu_memory_MB": 7614.164,
  "peak_gpu_0_memory_MB": 1505,
  "peak_gpu_1_memory_MB": 10180,
  "peak_gpu_2_memory_MB": 8917,
  "peak_gpu_3_memory_MB": 8463,
  "peak_gpu_4_memory_MB": 16105,
  "peak_gpu_5_memory_MB": 1727,
  "peak_gpu_6_memory_MB": 0,
  "peak_gpu_7_memory_MB": 1291,
  "training_duration": "2:08:29.209615",
  "training_start_epoch": 0,
  "training_epochs": 10,
  "epoch": 10,
  "training_start_acc": 0.7146542768753068,
  "training_end_acc": 0.7647119259352275,
  "training_span_acc": 0.6230893046724277,
  "training_em": 0.6820854119339261,
  "training_f1": 0.8154195282072163,
  "training_loss": 1.6734920676984744,
  "training_cpu_memory_MB": 7614.164,
  "training_gpu_0_memory_MB": 1505,
  "training_gpu_1_memory_MB": 10180,
  "training_gpu_2_memory_MB": 8917,
  "training_gpu_3_memory_MB": 8463,
  "training_gpu_4_memory_MB": 10609,
  "training_gpu_5_memory_MB": 1727,
  "training_gpu_6_memory_MB": 0,
  "training_gpu_7_memory_MB": 1291,
  "validation_start_acc": 0.6280983916745506,
  "validation_end_acc": 0.6604541154210029,
  "validation_span_acc": 0.5381267738883633,
  "validation_em": 0.6632923368022706,
  "validation_f1": 0.7631850521052238,
  "validation_loss": 2.6709935881056874,
  "best_validation_start_acc": 0.6304635761589404,
  "best_validation_end_acc": 0.6685903500473037,
  "best_validation_span_acc": 0.5455061494796594,
  "best_validation_em": 0.671523178807947,
  "best_validation_f1": 0.7695092345566755,
  "best_validation_loss": 2.572438447880295
}