{
  "best_epoch": 9,
  "peak_cpu_memory_MB": 7614.196,
  "peak_gpu_0_memory_MB": 1505,
  "peak_gpu_1_memory_MB": 10180,
  "peak_gpu_2_memory_MB": 8917,
  "peak_gpu_3_memory_MB": 8463,
  "peak_gpu_4_memory_MB": 16105,
  "peak_gpu_5_memory_MB": 1727,
  "peak_gpu_6_memory_MB": 0,
  "peak_gpu_7_memory_MB": 1291,
  "training_duration": "3:16:55.177057",
  "training_start_epoch": 0,
  "training_epochs": 16,
  "epoch": 16,
  "training_start_acc": 0.8134111119989954,
  "training_end_acc": 0.8629093939428533,
  "training_span_acc": 0.7402253450381854,
  "training_em": 0.7908423612141691,
  "training_f1": 0.8965639259065499,
  "training_loss": 0.9646260787907256,
  "training_cpu_memory_MB": 7614.196,
  "training_gpu_0_memory_MB": 1505,
  "training_gpu_1_memory_MB": 10180,
  "training_gpu_2_memory_MB": 8917,
  "training_gpu_3_memory_MB": 8463,
  "training_gpu_4_memory_MB": 10609,
  "training_gpu_5_memory_MB": 1727,
  "training_gpu_6_memory_MB": 0,
  "training_gpu_7_memory_MB": 1291,
  "validation_start_acc": 0.6213812677388836,
  "validation_end_acc": 0.6551561021759698,
  "validation_span_acc": 0.5307473982970672,
  "validation_em": 0.656480605487228,
  "validation_f1": 0.7595554330916421,
  "validation_loss": 3.3086306468495783,
  "best_validation_start_acc": 0.6304635761589404,
  "best_validation_end_acc": 0.6685903500473037,
  "best_validation_span_acc": 0.5455061494796594,
  "best_validation_em": 0.671523178807947,
  "best_validation_f1": 0.7695092345566755,
  "best_validation_loss": 2.572438447880295
}