{
  "best_epoch": 3,
  "peak_cpu_memory_MB": 7604.22,
  "peak_gpu_0_memory_MB": 1505,
  "peak_gpu_1_memory_MB": 10180,
  "peak_gpu_2_memory_MB": 8917,
  "peak_gpu_3_memory_MB": 8463,
  "peak_gpu_4_memory_MB": 10,
  "peak_gpu_5_memory_MB": 1727,
  "peak_gpu_6_memory_MB": 0,
  "peak_gpu_7_memory_MB": 1291,
  "training_duration": "0:48:39.131498",
  "training_start_epoch": 0,
  "training_epochs": 3,
  "epoch": 3,
  "training_start_acc": 0.6085571753102205,
  "training_end_acc": 0.6528156714117741,
  "training_span_acc": 0.5115811824335894,
  "training_em": 0.567460815762737,
  "training_f1": 0.7118898565597088,
  "training_loss": 2.586936953514134,
  "training_cpu_memory_MB": 7604.22,
  "training_gpu_0_memory_MB": 1505,
  "training_gpu_1_memory_MB": 10180,
  "training_gpu_2_memory_MB": 8917,
  "training_gpu_3_memory_MB": 8463,
  "training_gpu_4_memory_MB": 0,
  "training_gpu_5_memory_MB": 1727,
  "training_gpu_6_memory_MB": 0,
  "training_gpu_7_memory_MB": 1291,
  "validation_start_acc": 0.6220435193945127,
  "validation_end_acc": 0.6596972563859981,
  "validation_span_acc": 0.5350047303689688,
  "validation_em": 0.6600756859035005,
  "validation_f1": 0.7559177892181304,
  "validation_loss": 2.510211703912267,
  "best_validation_start_acc": 0.6220435193945127,
  "best_validation_end_acc": 0.6596972563859981,
  "best_validation_span_acc": 0.5350047303689688,
  "best_validation_em": 0.6600756859035005,
  "best_validation_f1": 0.7559177892181304,
  "best_validation_loss": 2.510211703912267
}