{
  "best_epoch": 0,
  "peak_cpu_memory_MB": 5093.528,
  "peak_gpu_0_memory_MB": 1505,
  "peak_gpu_1_memory_MB": 10180,
  "peak_gpu_2_memory_MB": 817,
  "peak_gpu_3_memory_MB": 8463,
  "peak_gpu_4_memory_MB": 0,
  "peak_gpu_5_memory_MB": 1727,
  "peak_gpu_6_memory_MB": 0,
  "peak_gpu_7_memory_MB": 1291,
  "training_duration": "0:14:26.762393",
  "training_start_epoch": 0,
  "training_epochs": 0,
  "epoch": 0,
  "training_start_acc": 0.32733250379570544,
  "training_end_acc": 0.3589310380255482,
  "training_span_acc": 0.24561924222879256,
  "training_em": 0.27410130252628456,
  "training_f1": 0.39497552981296763,
  "training_loss": 5.175936452003374,
  "training_cpu_memory_MB": 5093.528,
  "training_gpu_0_memory_MB": 1505,
  "training_gpu_1_memory_MB": 10180,
  "training_gpu_2_memory_MB": 817,
  "training_gpu_3_memory_MB": 8463,
  "training_gpu_4_memory_MB": 0,
  "training_gpu_5_memory_MB": 1727,
  "training_gpu_6_memory_MB": 0,
  "training_gpu_7_memory_MB": 1291,
  "validation_start_acc": 0.5508987701040681,
  "validation_end_acc": 0.580794701986755,
  "validation_span_acc": 0.44607379375591294,
  "validation_em": 0.5530747398297067,
  "validation_f1": 0.6771816031739217,
  "validation_loss": 3.1532376203896866,
  "best_validation_start_acc": 0.5508987701040681,
  "best_validation_end_acc": 0.580794701986755,
  "best_validation_span_acc": 0.44607379375591294,
  "best_validation_em": 0.5530747398297067,
  "best_validation_f1": 0.6771816031739217,
  "best_validation_loss": 3.1532376203896866
}