{
  "best_epoch": 9,
  "peak_cpu_memory_MB": 7614.196,
  "peak_gpu_0_memory_MB": 1505,
  "peak_gpu_1_memory_MB": 10180,
  "peak_gpu_2_memory_MB": 8917,
  "peak_gpu_3_memory_MB": 8463,
  "peak_gpu_4_memory_MB": 16105,
  "peak_gpu_5_memory_MB": 1727,
  "peak_gpu_6_memory_MB": 0,
  "peak_gpu_7_memory_MB": 1291,
  "training_duration": "2:31:18.070871",
  "training_start_epoch": 0,
  "training_epochs": 12,
  "epoch": 12,
  "training_start_acc": 0.7350426374730306,
  "training_end_acc": 0.784723569903766,
  "training_span_acc": 0.646856699277389,
  "training_em": 0.7027591639173963,
  "training_f1": 0.8318168859526008,
  "training_loss": 1.5245158185153247,
  "training_cpu_memory_MB": 7614.196,
  "training_gpu_0_memory_MB": 1505,
  "training_gpu_1_memory_MB": 10180,
  "training_gpu_2_memory_MB": 8917,
  "training_gpu_3_memory_MB": 8463,
  "training_gpu_4_memory_MB": 10609,
  "training_gpu_5_memory_MB": 1727,
  "training_gpu_6_memory_MB": 0,
  "training_gpu_7_memory_MB": 1291,
  "validation_start_acc": 0.6231788079470199,
  "validation_end_acc": 0.6592242194891201,
  "validation_span_acc": 0.5338694418164617,
  "validation_em": 0.661116367076632,
  "validation_f1": 0.762971752891238,
  "validation_loss": 2.7727103629202214,
  "best_validation_start_acc": 0.6304635761589404,
  "best_validation_end_acc": 0.6685903500473037,
  "best_validation_span_acc": 0.5455061494796594,
  "best_validation_em": 0.671523178807947,
  "best_validation_f1": 0.7695092345566755,
  "best_validation_loss": 2.572438447880295
}