{
  "best_epoch": 6,
  "peak_cpu_memory_MB": 7607.224,
  "peak_gpu_0_memory_MB": 1505,
  "peak_gpu_1_memory_MB": 10180,
  "peak_gpu_2_memory_MB": 8917,
  "peak_gpu_3_memory_MB": 8463,
  "peak_gpu_4_memory_MB": 16105,
  "peak_gpu_5_memory_MB": 1727,
  "peak_gpu_6_memory_MB": 0,
  "peak_gpu_7_memory_MB": 1291,
  "training_duration": "1:22:52.538022",
  "training_start_epoch": 0,
  "training_epochs": 6,
  "epoch": 6,
  "training_start_acc": 0.6666286144819005,
  "training_end_acc": 0.7137524400963481,
  "training_span_acc": 0.5722097284215574,
  "training_em": 0.630303998904097,
  "training_f1": 0.7705228473740017,
  "training_loss": 2.0869749116026646,
  "training_cpu_memory_MB": 7607.224,
  "training_gpu_0_memory_MB": 1505,
  "training_gpu_1_memory_MB": 10180,
  "training_gpu_2_memory_MB": 8917,
  "training_gpu_3_memory_MB": 8463,
  "training_gpu_4_memory_MB": 10609,
  "training_gpu_5_memory_MB": 1727,
  "training_gpu_6_memory_MB": 0,
  "training_gpu_7_memory_MB": 1291,
  "validation_start_acc": 0.6318826868495743,
  "validation_end_acc": 0.6666982024597918,
  "validation_span_acc": 0.5383159886471145,
  "validation_em": 0.6624408703878902,
  "validation_f1": 0.763847451977795,
  "validation_loss": 2.5072285499212876,
  "best_validation_start_acc": 0.6318826868495743,
  "best_validation_end_acc": 0.6666982024597918,
  "best_validation_span_acc": 0.5383159886471145,
  "best_validation_em": 0.6624408703878902,
  "best_validation_f1": 0.763847451977795,
  "best_validation_loss": 2.5072285499212876
}