{
  "best_epoch": 9,
  "peak_cpu_memory_MB": 7614.196,
  "peak_gpu_0_memory_MB": 1505,
  "peak_gpu_1_memory_MB": 10180,
  "peak_gpu_2_memory_MB": 8917,
  "peak_gpu_3_memory_MB": 8463,
  "peak_gpu_4_memory_MB": 16105,
  "peak_gpu_5_memory_MB": 1727,
  "peak_gpu_6_memory_MB": 0,
  "peak_gpu_7_memory_MB": 1291,
  "training_duration": "2:42:44.208742",
  "training_start_epoch": 0,
  "training_epochs": 13,
  "epoch": 13,
  "training_start_acc": 0.7686731583693878,
  "training_end_acc": 0.81940433109967,
  "training_span_acc": 0.686080891334376,
  "training_em": 0.7415609767234785,
  "training_f1": 0.8620913050659558,
  "training_loss": 1.2796594769306924,
  "training_cpu_memory_MB": 7614.196,
  "training_gpu_0_memory_MB": 1505,
  "training_gpu_1_memory_MB": 10180,
  "training_gpu_2_memory_MB": 8917,
  "training_gpu_3_memory_MB": 8463,
  "training_gpu_4_memory_MB": 10609,
  "training_gpu_5_memory_MB": 1727,
  "training_gpu_6_memory_MB": 0,
  "training_gpu_7_memory_MB": 1291,
  "validation_start_acc": 0.6234626300851467,
  "validation_end_acc": 0.6538315988647114,
  "validation_span_acc": 0.5290444654683065,
  "validation_em": 0.6567644276253548,
  "validation_f1": 0.7610419904409416,
  "validation_loss": 2.9927918555601587,
  "best_validation_start_acc": 0.6304635761589404,
  "best_validation_end_acc": 0.6685903500473037,
  "best_validation_span_acc": 0.5455061494796594,
  "best_validation_em": 0.671523178807947,
  "best_validation_f1": 0.7695092345566755,
  "best_validation_loss": 2.572438447880295
}