{
  "best_epoch": 4,
  "peak_cpu_memory_MB": 7605.156,
  "peak_gpu_0_memory_MB": 1505,
  "peak_gpu_1_memory_MB": 10180,
  "peak_gpu_2_memory_MB": 8917,
  "peak_gpu_3_memory_MB": 8463,
  "peak_gpu_4_memory_MB": 1201,
  "peak_gpu_5_memory_MB": 1727,
  "peak_gpu_6_memory_MB": 0,
  "peak_gpu_7_memory_MB": 1291,
  "training_duration": "1:00:04.619376",
  "training_start_epoch": 0,
  "training_epochs": 4,
  "epoch": 4,
  "training_start_acc": 0.6305094807018345,
  "training_end_acc": 0.6764232468407173,
  "training_span_acc": 0.5340357766641172,
  "training_em": 0.5911368851242594,
  "training_f1": 0.7339312568130081,
  "training_loss": 2.396207541581158,
  "training_cpu_memory_MB": 7605.156,
  "training_gpu_0_memory_MB": 1505,
  "training_gpu_1_memory_MB": 10180,
  "training_gpu_2_memory_MB": 8917,
  "training_gpu_3_memory_MB": 8463,
  "training_gpu_4_memory_MB": 1201,
  "training_gpu_5_memory_MB": 1727,
  "training_gpu_6_memory_MB": 0,
  "training_gpu_7_memory_MB": 1291,
  "validation_start_acc": 0.6195837275307474,
  "validation_end_acc": 0.6643330179754021,
  "validation_span_acc": 0.5325449385052035,
  "validation_em": 0.6620624408703879,
  "validation_f1": 0.7630950943809929,
  "validation_loss": 2.4912546693154103,
  "best_validation_start_acc": 0.6195837275307474,
  "best_validation_end_acc": 0.6643330179754021,
  "best_validation_span_acc": 0.5325449385052035,
  "best_validation_em": 0.6620624408703879,
  "best_validation_f1": 0.7630950943809929,
  "best_validation_loss": 2.4912546693154103
}