{
  "best_epoch": 8,
  "peak_cpu_memory_MB": 7607.224,
  "peak_gpu_0_memory_MB": 1505,
  "peak_gpu_1_memory_MB": 10180,
  "peak_gpu_2_memory_MB": 8917,
  "peak_gpu_3_memory_MB": 8463,
  "peak_gpu_4_memory_MB": 16105,
  "peak_gpu_5_memory_MB": 1727,
  "peak_gpu_6_memory_MB": 0,
  "peak_gpu_7_memory_MB": 1291,
  "training_duration": "1:45:40.607283",
  "training_start_epoch": 0,
  "training_epochs": 8,
  "epoch": 8,
  "training_start_acc": 0.6946997111839176,
  "training_end_acc": 0.7433189876596765,
  "training_span_acc": 0.6017191977077364,
  "training_em": 0.6602358474411808,
  "training_f1": 0.7965168258674572,
  "training_loss": 1.8499402973749866,
  "training_cpu_memory_MB": 7607.224,
  "training_gpu_0_memory_MB": 1505,
  "training_gpu_1_memory_MB": 10180,
  "training_gpu_2_memory_MB": 8917,
  "training_gpu_3_memory_MB": 8463,
  "training_gpu_4_memory_MB": 10609,
  "training_gpu_5_memory_MB": 1727,
  "training_gpu_6_memory_MB": 0,
  "training_gpu_7_memory_MB": 1291,
  "validation_start_acc": 0.6343424787133396,
  "validation_end_acc": 0.6661305581835383,
  "validation_span_acc": 0.5449385052034059,
  "validation_em": 0.6679280983916746,
  "validation_f1": 0.7680124716597259,
  "validation_loss": 2.5453153349318596,
  "best_validation_start_acc": 0.6343424787133396,
  "best_validation_end_acc": 0.6661305581835383,
  "best_validation_span_acc": 0.5449385052034059,
  "best_validation_em": 0.6679280983916746,
  "best_validation_f1": 0.7680124716597259,
  "best_validation_loss": 2.5453153349318596
}