{
  "best_epoch": 1,
  "peak_cpu_memory_MB": 7568.88,
  "peak_gpu_0_memory_MB": 1505,
  "peak_gpu_1_memory_MB": 10180,
  "peak_gpu_2_memory_MB": 7139,
  "peak_gpu_3_memory_MB": 8463,
  "peak_gpu_4_memory_MB": 0,
  "peak_gpu_5_memory_MB": 1727,
  "peak_gpu_6_memory_MB": 0,
  "peak_gpu_7_memory_MB": 1291,
  "training_duration": "0:25:52.576456",
  "training_start_epoch": 0,
  "training_epochs": 1,
  "epoch": 1,
  "training_start_acc": 0.537391979360495,
  "training_end_acc": 0.5812052649002842,
  "training_span_acc": 0.4386465598922362,
  "training_em": 0.49006267194830994,
  "training_f1": 0.6370048043479585,
  "training_loss": 3.2062291602021484,
  "training_cpu_memory_MB": 7568.88,
  "training_gpu_0_memory_MB": 1505,
  "training_gpu_1_memory_MB": 10180,
  "training_gpu_2_memory_MB": 7139,
  "training_gpu_3_memory_MB": 8463,
  "training_gpu_4_memory_MB": 0,
  "training_gpu_5_memory_MB": 1727,
  "training_gpu_6_memory_MB": 0,
  "training_gpu_7_memory_MB": 1291,
  "validation_start_acc": 0.5973509933774834,
  "validation_end_acc": 0.6309366130558184,
  "validation_span_acc": 0.5042573320719016,
  "validation_em": 0.620151371807001,
  "validation_f1": 0.7318208507509528,
  "validation_loss": 2.717229782860234,
  "best_validation_start_acc": 0.5973509933774834,
  "best_validation_end_acc": 0.6309366130558184,
  "best_validation_span_acc": 0.5042573320719016,
  "best_validation_em": 0.620151371807001,
  "best_validation_f1": 0.7318208507509528,
  "best_validation_loss": 2.717229782860234
}