{
  "best_epoch": 7,
  "peak_cpu_memory_MB": 7607.224,
  "peak_gpu_0_memory_MB": 1505,
  "peak_gpu_1_memory_MB": 10180,
  "peak_gpu_2_memory_MB": 8917,
  "peak_gpu_3_memory_MB": 8463,
  "peak_gpu_4_memory_MB": 16105,
  "peak_gpu_5_memory_MB": 1727,
  "peak_gpu_6_memory_MB": 0,
  "peak_gpu_7_memory_MB": 1291,
  "training_duration": "1:34:16.718168",
  "training_start_epoch": 0,
  "training_epochs": 7,
  "epoch": 7,
  "training_start_acc": 0.6857041747051907,
  "training_end_acc": 0.7296202011438486,
  "training_span_acc": 0.5908172467722235,
  "training_em": 0.6473932350825923,
  "training_f1": 0.7847939274614402,
  "training_loss": 1.9561943108904851,
  "training_cpu_memory_MB": 7607.224,
  "training_gpu_0_memory_MB": 1505,
  "training_gpu_1_memory_MB": 10180,
  "training_gpu_2_memory_MB": 8917,
  "training_gpu_3_memory_MB": 8463,
  "training_gpu_4_memory_MB": 10609,
  "training_gpu_5_memory_MB": 1727,
  "training_gpu_6_memory_MB": 0,
  "training_gpu_7_memory_MB": 1291,
  "validation_start_acc": 0.6306527909176916,
  "validation_end_acc": 0.6620624408703879,
  "validation_span_acc": 0.5396404919583727,
  "validation_em": 0.6650898770104068,
  "validation_f1": 0.7633099637978079,
  "validation_loss": 2.5430809754245685,
  "best_validation_start_acc": 0.6306527909176916,
  "best_validation_end_acc": 0.6620624408703879,
  "best_validation_span_acc": 0.5396404919583727,
  "best_validation_em": 0.6650898770104068,
  "best_validation_f1": 0.7633099637978079,
  "best_validation_loss": 2.5430809754245685
}