{
  "best_epoch": 9,
  "peak_cpu_memory_MB": 7614.164,
  "peak_gpu_0_memory_MB": 1505,
  "peak_gpu_1_memory_MB": 10180,
  "peak_gpu_2_memory_MB": 8917,
  "peak_gpu_3_memory_MB": 8463,
  "peak_gpu_4_memory_MB": 16105,
  "peak_gpu_5_memory_MB": 1727,
  "peak_gpu_6_memory_MB": 0,
  "peak_gpu_7_memory_MB": 1291,
  "training_duration": "2:19:53.654504",
  "training_start_epoch": 0,
  "training_epochs": 11,
  "epoch": 11,
  "training_start_acc": 0.7257274626422676,
  "training_end_acc": 0.7762189066085229,
  "training_span_acc": 0.6376442653454948,
  "training_em": 0.6948138677382162,
  "training_f1": 0.8249504171916716,
  "training_loss": 1.593464306228237,
  "training_cpu_memory_MB": 7614.164,
  "training_gpu_0_memory_MB": 1505,
  "training_gpu_1_memory_MB": 10180,
  "training_gpu_2_memory_MB": 8917,
  "training_gpu_3_memory_MB": 8463,
  "training_gpu_4_memory_MB": 10609,
  "training_gpu_5_memory_MB": 1727,
  "training_gpu_6_memory_MB": 0,
  "training_gpu_7_memory_MB": 1291,
  "validation_start_acc": 0.6245033112582782,
  "validation_end_acc": 0.6619678334910123,
  "validation_span_acc": 0.5402081362346263,
  "validation_em": 0.667360454115421,
  "validation_f1": 0.763325368187035,
  "validation_loss": 2.755355453491211,
  "best_validation_start_acc": 0.6304635761589404,
  "best_validation_end_acc": 0.6685903500473037,
  "best_validation_span_acc": 0.5455061494796594,
  "best_validation_em": 0.671523178807947,
  "best_validation_f1": 0.7695092345566755,
  "best_validation_loss": 2.572438447880295
}