{
  "best_epoch": 9,
  "peak_cpu_memory_MB": 7614.196,
  "peak_gpu_0_memory_MB": 1505,
  "peak_gpu_1_memory_MB": 10180,
  "peak_gpu_2_memory_MB": 8917,
  "peak_gpu_3_memory_MB": 8463,
  "peak_gpu_4_memory_MB": 16105,
  "peak_gpu_5_memory_MB": 1727,
  "peak_gpu_6_memory_MB": 0,
  "peak_gpu_7_memory_MB": 1291,
  "training_duration": "3:28:21.814533",
  "training_start_epoch": 0,
  "training_epochs": 17,
  "epoch": 17,
  "training_start_acc": 0.821561889975913,
  "training_end_acc": 0.8732291464514436,
  "training_span_acc": 0.7520405484080869,
  "training_em": 0.8021781070560167,
  "training_f1": 0.9049709514277188,
  "training_loss": 0.9104183337187658,
  "training_cpu_memory_MB": 7614.196,
  "training_gpu_0_memory_MB": 1505,
  "training_gpu_1_memory_MB": 10180,
  "training_gpu_2_memory_MB": 8917,
  "training_gpu_3_memory_MB": 8463,
  "training_gpu_4_memory_MB": 10609,
  "training_gpu_5_memory_MB": 1727,
  "training_gpu_6_memory_MB": 0,
  "training_gpu_7_memory_MB": 1291,
  "validation_start_acc": 0.6205298013245033,
  "validation_end_acc": 0.6544938505203406,
  "validation_span_acc": 0.5314096499526964,
  "validation_em": 0.6588457899716178,
  "validation_f1": 0.7609805061958709,
  "validation_loss": 3.463086062107446,
  "best_validation_start_acc": 0.6304635761589404,
  "best_validation_end_acc": 0.6685903500473037,
  "best_validation_span_acc": 0.5455061494796594,
  "best_validation_em": 0.671523178807947,
  "best_validation_f1": 0.7695092345566755,
  "best_validation_loss": 2.572438447880295
}