{
  "best_epoch": 6,
  "peak_cpu_memory_MB": 37739.708,
  "peak_gpu_0_memory_MB": 1639,
  "peak_gpu_1_memory_MB": 7879,
  "peak_gpu_2_memory_MB": 15643,
  "peak_gpu_3_memory_MB": 10611,
  "peak_gpu_4_memory_MB": 4863,
  "peak_gpu_5_memory_MB": 7879,
  "peak_gpu_6_memory_MB": 14179,
  "peak_gpu_7_memory_MB": 14179,
  "training_duration": "10:54:30.794367",
  "training_start_epoch": 0,
  "training_epochs": 15,
  "epoch": 15,
  "training_start_acc": 0.9302389296681469,
  "training_end_acc": 0.9348280231509493,
  "training_span_acc": 0.8858776926677245,
  "training_em": 0.9086062626285688,
  "training_f1": 0.9542993510365503,
  "training_loss": 0.40421285590488615,
  "training_cpu_memory_MB": 37739.708,
  "training_gpu_0_memory_MB": 871,
  "training_gpu_1_memory_MB": 7879,
  "training_gpu_2_memory_MB": 0,
  "training_gpu_3_memory_MB": 10611,
  "training_gpu_4_memory_MB": 0,
  "training_gpu_5_memory_MB": 7879,
  "training_gpu_6_memory_MB": 8533,
  "training_gpu_7_memory_MB": 10,
  "validation_start_acc": 0.6191106906338695,
  "validation_end_acc": 0.6685903500473037,
  "validation_span_acc": 0.5302743614001892,
  "validation_em": 0.676631977294229,
  "validation_f1": 0.7781120793596829,
  "validation_loss": 4.3443855132696765,
  "best_validation_start_acc": 0.6571428571428571,
  "best_validation_end_acc": 0.6967833491012299,
  "best_validation_span_acc": 0.5742667928098392,
  "best_validation_em": 0.7148533585619679,
  "best_validation_f1": 0.8020563900888967,
  "best_validation_loss": 2.3338284861366705
}