{
  "best_epoch": 6,
  "peak_cpu_memory_MB": 37739.436,
  "peak_gpu_0_memory_MB": 1639,
  "peak_gpu_1_memory_MB": 7879,
  "peak_gpu_2_memory_MB": 15643,
  "peak_gpu_3_memory_MB": 10611,
  "peak_gpu_4_memory_MB": 4863,
  "peak_gpu_5_memory_MB": 7879,
  "peak_gpu_6_memory_MB": 14179,
  "peak_gpu_7_memory_MB": 14179,
  "training_duration": "10:13:29.269959",
  "training_start_epoch": 0,
  "training_epochs": 14,
  "epoch": 14,
  "training_start_acc": 0.919325563077204,
  "training_end_acc": 0.9278758889941666,
  "training_span_acc": 0.8726583636799506,
  "training_em": 0.8989257868240506,
  "training_f1": 0.9495735831183528,
  "training_loss": 0.454273839019341,
  "training_cpu_memory_MB": 37739.436,
  "training_gpu_0_memory_MB": 871,
  "training_gpu_1_memory_MB": 7879,
  "training_gpu_2_memory_MB": 15643,
  "training_gpu_3_memory_MB": 10611,
  "training_gpu_4_memory_MB": 4863,
  "training_gpu_5_memory_MB": 7879,
  "training_gpu_6_memory_MB": 8533,
  "training_gpu_7_memory_MB": 10,
  "validation_start_acc": 0.6249763481551561,
  "validation_end_acc": 0.673131504257332,
  "validation_span_acc": 0.5369914853358562,
  "validation_em": 0.6795648060548722,
  "validation_f1": 0.7824367386323254,
  "validation_loss": 4.090868268822724,
  "best_validation_start_acc": 0.6571428571428571,
  "best_validation_end_acc": 0.6967833491012299,
  "best_validation_span_acc": 0.5742667928098392,
  "best_validation_em": 0.7148533585619679,
  "best_validation_f1": 0.8020563900888967,
  "best_validation_loss": 2.3338284861366705
}