{
  "best_epoch": 6,
  "peak_cpu_memory_MB": 37739.376,
  "peak_gpu_0_memory_MB": 1639,
  "peak_gpu_1_memory_MB": 7879,
  "peak_gpu_2_memory_MB": 15643,
  "peak_gpu_3_memory_MB": 10611,
  "peak_gpu_4_memory_MB": 4863,
  "peak_gpu_5_memory_MB": 7879,
  "peak_gpu_6_memory_MB": 14179,
  "peak_gpu_7_memory_MB": 14179,
  "training_duration": "8:11:07.728053",
  "training_start_epoch": 0,
  "training_epochs": 11,
  "epoch": 11,
  "training_start_acc": 0.8528065388874302,
  "training_end_acc": 0.8742793867509903,
  "training_span_acc": 0.783296612975034,
  "training_em": 0.824815351773422,
  "training_f1": 0.9101498382100802,
  "training_loss": 0.8228003546595574,
  "training_cpu_memory_MB": 37739.376,
  "training_gpu_0_memory_MB": 871,
  "training_gpu_1_memory_MB": 7879,
  "training_gpu_2_memory_MB": 15643,
  "training_gpu_3_memory_MB": 10611,
  "training_gpu_4_memory_MB": 4863,
  "training_gpu_5_memory_MB": 7879,
  "training_gpu_6_memory_MB": 0,
  "training_gpu_7_memory_MB": 14179,
  "validation_start_acc": 0.633112582781457,
  "validation_end_acc": 0.6791863765373699,
  "validation_span_acc": 0.5483443708609271,
  "validation_em": 0.6887417218543046,
  "validation_f1": 0.7874763075881474,
  "validation_loss": 3.2083364423715843,
  "best_validation_start_acc": 0.6571428571428571,
  "best_validation_end_acc": 0.6967833491012299,
  "best_validation_span_acc": 0.5742667928098392,
  "best_validation_em": 0.7148533585619679,
  "best_validation_f1": 0.8020563900888967,
  "best_validation_loss": 2.3338284861366705
}