{
  "best_epoch": 6,
  "peak_cpu_memory_MB": 37739.376,
  "peak_gpu_0_memory_MB": 1639,
  "peak_gpu_1_memory_MB": 7879,
  "peak_gpu_2_memory_MB": 15643,
  "peak_gpu_3_memory_MB": 10611,
  "peak_gpu_4_memory_MB": 4863,
  "peak_gpu_5_memory_MB": 7879,
  "peak_gpu_6_memory_MB": 14179,
  "peak_gpu_7_memory_MB": 14179,
  "training_duration": "7:30:31.841726",
  "training_start_epoch": 0,
  "training_epochs": 10,
  "epoch": 10,
  "training_start_acc": 0.8202947522231989,
  "training_end_acc": 0.8467562415096063,
  "training_span_acc": 0.7454080526033402,
  "training_em": 0.7922921494537609,
  "training_f1": 0.8877726986317135,
  "training_loss": 1.020900186066214,
  "training_cpu_memory_MB": 37739.376,
  "training_gpu_0_memory_MB": 871,
  "training_gpu_1_memory_MB": 7879,
  "training_gpu_2_memory_MB": 15643,
  "training_gpu_3_memory_MB": 10611,
  "training_gpu_4_memory_MB": 4863,
  "training_gpu_5_memory_MB": 7879,
  "training_gpu_6_memory_MB": 14179,
  "training_gpu_7_memory_MB": 14179,
  "validation_start_acc": 0.644465468306528,
  "validation_end_acc": 0.6835383159886471,
  "validation_span_acc": 0.55600756859035,
  "validation_em": 0.6938505203405866,
  "validation_f1": 0.7920732016636025,
  "validation_loss": 2.9940429912423188,
  "best_validation_start_acc": 0.6571428571428571,
  "best_validation_end_acc": 0.6967833491012299,
  "best_validation_span_acc": 0.5742667928098392,
  "best_validation_em": 0.7148533585619679,
  "best_validation_f1": 0.8020563900888967,
  "best_validation_loss": 2.3338284861366705
}