{
  "best_epoch": 4,
  "peak_cpu_memory_MB": 37738.852,
  "peak_gpu_0_memory_MB": 1639,
  "peak_gpu_1_memory_MB": 7879,
  "peak_gpu_2_memory_MB": 15643,
  "peak_gpu_3_memory_MB": 10609,
  "peak_gpu_4_memory_MB": 4217,
  "peak_gpu_5_memory_MB": 7879,
  "peak_gpu_6_memory_MB": 1175,
  "peak_gpu_7_memory_MB": 0,
  "training_duration": "3:27:19.375310",
  "training_start_epoch": 0,
  "training_epochs": 4,
  "epoch": 4,
  "training_start_acc": 0.6754643317846094,
  "training_end_acc": 0.7175310220436306,
  "training_span_acc": 0.5817303850500577,
  "training_em": 0.6403155287160812,
  "training_f1": 0.7748886189589138,
  "training_loss": 2.037268885058355,
  "training_cpu_memory_MB": 37738.852,
  "training_gpu_0_memory_MB": 1639,
  "training_gpu_1_memory_MB": 7879,
  "training_gpu_2_memory_MB": 15643,
  "training_gpu_3_memory_MB": 10609,
  "training_gpu_4_memory_MB": 0,
  "training_gpu_5_memory_MB": 7879,
  "training_gpu_6_memory_MB": 0,
  "training_gpu_7_memory_MB": 0,
  "validation_start_acc": 0.6603595080416272,
  "validation_end_acc": 0.6930936613055818,
  "validation_span_acc": 0.5714285714285714,
  "validation_em": 0.7078524124881741,
  "validation_f1": 0.798168118607972,
  "validation_loss": 2.264598437075345,
  "best_validation_start_acc": 0.6603595080416272,
  "best_validation_end_acc": 0.6930936613055818,
  "best_validation_span_acc": 0.5714285714285714,
  "best_validation_em": 0.7078524124881741,
  "best_validation_f1": 0.798168118607972,
  "best_validation_loss": 2.264598437075345
}