{
  "best_epoch": 3,
  "peak_cpu_memory_MB": 37738.396,
  "peak_gpu_0_memory_MB": 1639,
  "peak_gpu_1_memory_MB": 7879,
  "peak_gpu_2_memory_MB": 15643,
  "peak_gpu_3_memory_MB": 10609,
  "peak_gpu_4_memory_MB": 4217,
  "peak_gpu_5_memory_MB": 7879,
  "peak_gpu_6_memory_MB": 1175,
  "peak_gpu_7_memory_MB": 0,
  "training_duration": "2:46:49.766449",
  "training_start_epoch": 0,
  "training_epochs": 3,
  "epoch": 3,
  "training_start_acc": 0.6494366374045366,
  "training_end_acc": 0.691571821596137,
  "training_span_acc": 0.5532140777862761,
  "training_em": 0.612655395609539,
  "training_f1": 0.750547147485708,
  "training_loss": 2.250603426700313,
  "training_cpu_memory_MB": 37738.396,
  "training_gpu_0_memory_MB": 1639,
  "training_gpu_1_memory_MB": 7879,
  "training_gpu_2_memory_MB": 15643,
  "training_gpu_3_memory_MB": 10609,
  "training_gpu_4_memory_MB": 4217,
  "training_gpu_5_memory_MB": 7879,
  "training_gpu_6_memory_MB": 0,
  "training_gpu_7_memory_MB": 0,
  "validation_start_acc": 0.6538315988647114,
  "validation_end_acc": 0.69120151371807,
  "validation_span_acc": 0.5649952696310312,
  "validation_em": 0.6994323557237464,
  "validation_f1": 0.7936043319841896,
  "validation_loss": 2.247601394833259,
  "best_validation_start_acc": 0.6538315988647114,
  "best_validation_end_acc": 0.69120151371807,
  "best_validation_span_acc": 0.5649952696310312,
  "best_validation_em": 0.6994323557237464,
  "best_validation_f1": 0.7936043319841896,
  "best_validation_loss": 2.247601394833259
}