{
  "best_epoch": 2,
  "peak_cpu_memory_MB": 37737.016,
  "peak_gpu_0_memory_MB": 1639,
  "peak_gpu_1_memory_MB": 7879,
  "peak_gpu_2_memory_MB": 15643,
  "peak_gpu_3_memory_MB": 10609,
  "peak_gpu_4_memory_MB": 0,
  "peak_gpu_5_memory_MB": 7879,
  "peak_gpu_6_memory_MB": 1175,
  "peak_gpu_7_memory_MB": 0,
  "training_duration": "2:06:27.800678",
  "training_start_epoch": 0,
  "training_epochs": 2,
  "epoch": 2,
  "training_start_acc": 0.6169705133620247,
  "training_end_acc": 0.6607723832463841,
  "training_span_acc": 0.5204283153917282,
  "training_em": 0.578762314638295,
  "training_f1": 0.7200005275272388,
  "training_loss": 2.520050537912813,
  "training_cpu_memory_MB": 37737.016,
  "training_gpu_0_memory_MB": 1639,
  "training_gpu_1_memory_MB": 7879,
  "training_gpu_2_memory_MB": 15643,
  "training_gpu_3_memory_MB": 10609,
  "training_gpu_4_memory_MB": 0,
  "training_gpu_5_memory_MB": 7879,
  "training_gpu_6_memory_MB": 1175,
  "training_gpu_7_memory_MB": 0,
  "validation_start_acc": 0.6577105014191107,
  "validation_end_acc": 0.689593188268685,
  "validation_span_acc": 0.5619678334910123,
  "validation_em": 0.697445600756859,
  "validation_f1": 0.7919577232972416,
  "validation_loss": 2.2652327411579636,
  "best_validation_start_acc": 0.6577105014191107,
  "best_validation_end_acc": 0.689593188268685,
  "best_validation_span_acc": 0.5619678334910123,
  "best_validation_em": 0.697445600756859,
  "best_validation_f1": 0.7919577232972416,
  "best_validation_loss": 2.2652327411579636
}