{
  "best_epoch": 0,
  "peak_cpu_memory_MB": 5495.728,
  "peak_gpu_0_memory_MB": 1639,
  "peak_gpu_1_memory_MB": 0,
  "peak_gpu_2_memory_MB": 1201,
  "peak_gpu_3_memory_MB": 1201,
  "peak_gpu_4_memory_MB": 0,
  "peak_gpu_5_memory_MB": 10,
  "peak_gpu_6_memory_MB": 0,
  "peak_gpu_7_memory_MB": 0,
  "training_duration": "0:45:48.628095",
  "training_start_epoch": 0,
  "training_epochs": 0,
  "epoch": 0,
  "training_start_acc": 0.37355449263119445,
  "training_end_acc": 0.40842931996940607,
  "training_span_acc": 0.28837087181360516,
  "training_em": 0.32367949405815133,
  "training_f1": 0.44966922223006467,
  "training_loss": 4.52899837156409,
  "training_cpu_memory_MB": 5495.728,
  "training_gpu_0_memory_MB": 1639,
  "training_gpu_1_memory_MB": 0,
  "training_gpu_2_memory_MB": 1201,
  "training_gpu_3_memory_MB": 1201,
  "training_gpu_4_memory_MB": 0,
  "training_gpu_5_memory_MB": 10,
  "training_gpu_6_memory_MB": 0,
  "training_gpu_7_memory_MB": 0,
  "validation_start_acc": 0.5924314096499527,
  "validation_end_acc": 0.633112582781457,
  "validation_span_acc": 0.503689687795648,
  "validation_em": 0.6305581835383159,
  "validation_f1": 0.7329530800986931,
  "validation_loss": 2.688926523136643,
  "best_validation_start_acc": 0.5924314096499527,
  "best_validation_end_acc": 0.633112582781457,
  "best_validation_span_acc": 0.503689687795648,
  "best_validation_em": 0.6305581835383159,
  "best_validation_f1": 0.7329530800986931,
  "best_validation_loss": 2.688926523136643
}