{
  "best_epoch": 6,
  "peak_cpu_memory_MB": 37758.192,
  "peak_gpu_0_memory_MB": 1639,
  "peak_gpu_1_memory_MB": 16103,
  "peak_gpu_2_memory_MB": 15643,
  "peak_gpu_3_memory_MB": 10611,
  "peak_gpu_4_memory_MB": 4863,
  "peak_gpu_5_memory_MB": 7879,
  "peak_gpu_6_memory_MB": 14179,
  "peak_gpu_7_memory_MB": 14179,
  "training_duration": "8:00:57.790233",
  "training_start_epoch": 0,
  "training_epochs": 11,
  "epoch": 11,
  "training_start_acc": 0.7988104887042089,
  "training_end_acc": 0.8291761321476273,
  "training_span_acc": 0.7187410815191955,
  "training_em": 0.7691069532757223,
  "training_f1": 0.8735026925525887,
  "training_loss": 1.1548629345142678,
  "training_cpu_memory_MB": 37758.192,
  "training_gpu_0_memory_MB": 871,
  "training_gpu_1_memory_MB": 7879,
  "training_gpu_2_memory_MB": 15643,
  "training_gpu_3_memory_MB": 10611,
  "training_gpu_4_memory_MB": 4863,
  "training_gpu_5_memory_MB": 7879,
  "training_gpu_6_memory_MB": 8533,
  "training_gpu_7_memory_MB": 10,
  "validation_start_acc": 0.6474929044465468,
  "validation_end_acc": 0.6842951750236519,
  "validation_span_acc": 0.5629139072847682,
  "validation_em": 0.7011352885525071,
  "validation_f1": 0.794246488799978,
  "validation_loss": 2.897260156217611,
  "best_validation_start_acc": 0.6570482497634815,
  "best_validation_end_acc": 0.6919583727530747,
  "best_validation_span_acc": 0.5723746452223274,
  "best_validation_em": 0.7086092715231788,
  "best_validation_f1": 0.7990665669386715,
  "best_validation_loss": 2.290400889684569
}