{
  "best_epoch": 6,
  "peak_cpu_memory_MB": 37758.192,
  "peak_gpu_0_memory_MB": 1639,
  "peak_gpu_1_memory_MB": 16103,
  "peak_gpu_2_memory_MB": 15643,
  "peak_gpu_3_memory_MB": 10611,
  "peak_gpu_4_memory_MB": 4863,
  "peak_gpu_5_memory_MB": 7879,
  "peak_gpu_6_memory_MB": 14179,
  "peak_gpu_7_memory_MB": 14179,
  "training_duration": "8:40:37.448579",
  "training_start_epoch": 0,
  "training_epochs": 12,
  "epoch": 12,
  "training_start_acc": 0.8136508407630224,
  "training_end_acc": 0.8424182924462608,
  "training_span_acc": 0.7367207388212195,
  "training_em": 0.7848605577689243,
  "training_f1": 0.8838800667433836,
  "training_loss": 1.0523109980505896,
  "training_cpu_memory_MB": 37758.192,
  "training_gpu_0_memory_MB": 871,
  "training_gpu_1_memory_MB": 7879,
  "training_gpu_2_memory_MB": 15643,
  "training_gpu_3_memory_MB": 10611,
  "training_gpu_4_memory_MB": 4863,
  "training_gpu_5_memory_MB": 7879,
  "training_gpu_6_memory_MB": 8533,
  "training_gpu_7_memory_MB": 0,
  "validation_start_acc": 0.6374645222327342,
  "validation_end_acc": 0.6765373699148534,
  "validation_span_acc": 0.5504257332071901,
  "validation_em": 0.6856196783349101,
  "validation_f1": 0.7842423426813453,
  "validation_loss": 3.0274429240316714,
  "best_validation_start_acc": 0.6570482497634815,
  "best_validation_end_acc": 0.6919583727530747,
  "best_validation_span_acc": 0.5723746452223274,
  "best_validation_em": 0.7086092715231788,
  "best_validation_f1": 0.7990665669386715,
  "best_validation_loss": 2.290400889684569
}