{
  "best_epoch": 6,
  "peak_cpu_memory_MB": 37758.192,
  "peak_gpu_0_memory_MB": 1639,
  "peak_gpu_1_memory_MB": 16103,
  "peak_gpu_2_memory_MB": 15643,
  "peak_gpu_3_memory_MB": 10611,
  "peak_gpu_4_memory_MB": 4863,
  "peak_gpu_5_memory_MB": 7879,
  "peak_gpu_6_memory_MB": 14179,
  "peak_gpu_7_memory_MB": 14179,
  "training_duration": "7:21:27.581673",
  "training_start_epoch": 0,
  "training_epochs": 10,
  "epoch": 10,
  "training_start_acc": 0.770648066758753,
  "training_end_acc": 0.8047123825614447,
  "training_span_acc": 0.6873023664653706,
  "training_em": 0.7390837794951998,
  "training_f1": 0.8523244637913312,
  "training_loss": 1.3387666026070781,
  "training_cpu_memory_MB": 37758.192,
  "training_gpu_0_memory_MB": 871,
  "training_gpu_1_memory_MB": 7879,
  "training_gpu_2_memory_MB": 15643,
  "training_gpu_3_memory_MB": 10611,
  "training_gpu_4_memory_MB": 4863,
  "training_gpu_5_memory_MB": 7879,
  "training_gpu_6_memory_MB": 0,
  "training_gpu_7_memory_MB": 0,
  "validation_start_acc": 0.6490066225165563,
  "validation_end_acc": 0.687511825922422,
  "validation_span_acc": 0.563670766319773,
  "validation_em": 0.7020813623462631,
  "validation_f1": 0.794161855675806,
  "validation_loss": 2.6980124122691604,
  "best_validation_start_acc": 0.6570482497634815,
  "best_validation_end_acc": 0.6919583727530747,
  "best_validation_span_acc": 0.5723746452223274,
  "best_validation_em": 0.7086092715231788,
  "best_validation_f1": 0.7990665669386715,
  "best_validation_loss": 2.290400889684569
}