{
  "best_epoch": 6,
  "peak_cpu_memory_MB": 37758.192,
  "peak_gpu_0_memory_MB": 1639,
  "peak_gpu_1_memory_MB": 16103,
  "peak_gpu_2_memory_MB": 15643,
  "peak_gpu_3_memory_MB": 10611,
  "peak_gpu_4_memory_MB": 4863,
  "peak_gpu_5_memory_MB": 7879,
  "peak_gpu_6_memory_MB": 14179,
  "peak_gpu_7_memory_MB": 14179,
  "training_duration": "6:41:49.854241",
  "training_start_epoch": 0,
  "training_epochs": 9,
  "epoch": 9,
  "training_start_acc": 0.7231703558259798,
  "training_end_acc": 0.7597689471340997,
  "training_span_acc": 0.6335232137353166,
  "training_em": 0.6887293233941026,
  "training_f1": 0.8122707091621103,
  "training_loss": 1.6661233076494033,
  "training_cpu_memory_MB": 37758.192,
  "training_gpu_0_memory_MB": 871,
  "training_gpu_1_memory_MB": 7879,
  "training_gpu_2_memory_MB": 15643,
  "training_gpu_3_memory_MB": 10611,
  "training_gpu_4_memory_MB": 4863,
  "training_gpu_5_memory_MB": 7879,
  "training_gpu_6_memory_MB": 14179,
  "training_gpu_7_memory_MB": 14179,
  "validation_start_acc": 0.6471144749290445,
  "validation_end_acc": 0.68240302743614,
  "validation_span_acc": 0.5624408703878903,
  "validation_em": 0.697918637653737,
  "validation_f1": 0.7895438612761957,
  "validation_loss": 2.461455856629138,
  "best_validation_start_acc": 0.6570482497634815,
  "best_validation_end_acc": 0.6919583727530747,
  "best_validation_span_acc": 0.5723746452223274,
  "best_validation_em": 0.7086092715231788,
  "best_validation_f1": 0.7990665669386715,
  "best_validation_loss": 2.290400889684569
}