{
  "best_epoch": 6,
  "peak_cpu_memory_MB": 37758.292,
  "peak_gpu_0_memory_MB": 1639,
  "peak_gpu_1_memory_MB": 16103,
  "peak_gpu_2_memory_MB": 15643,
  "peak_gpu_3_memory_MB": 10611,
  "peak_gpu_4_memory_MB": 4863,
  "peak_gpu_5_memory_MB": 7879,
  "peak_gpu_6_memory_MB": 14179,
  "peak_gpu_7_memory_MB": 14179,
  "training_duration": "10:40:45.725092",
  "training_start_epoch": 0,
  "training_epochs": 15,
  "epoch": 15,
  "training_start_acc": 0.8749643260767817,
  "training_end_acc": 0.8944051872738273,
  "training_span_acc": 0.8137307503510314,
  "training_em": 0.8514480758912772,
  "training_f1": 0.925017684270586,
  "training_loss": 0.6861881790844273,
  "training_cpu_memory_MB": 37758.292,
  "training_gpu_0_memory_MB": 871,
  "training_gpu_1_memory_MB": 7879,
  "training_gpu_2_memory_MB": 14749,
  "training_gpu_3_memory_MB": 10611,
  "training_gpu_4_memory_MB": 2917,
  "training_gpu_5_memory_MB": 7879,
  "training_gpu_6_memory_MB": 3357,
  "training_gpu_7_memory_MB": 10,
  "validation_start_acc": 0.6278145695364239,
  "validation_end_acc": 0.6640491958372753,
  "validation_span_acc": 0.540964995269631,
  "validation_em": 0.678713339640492,
  "validation_f1": 0.779475046577497,
  "validation_loss": 3.644254043867003,
  "best_validation_start_acc": 0.6570482497634815,
  "best_validation_end_acc": 0.6919583727530747,
  "best_validation_span_acc": 0.5723746452223274,
  "best_validation_em": 0.7086092715231788,
  "best_validation_f1": 0.7990665669386715,
  "best_validation_loss": 2.290400889684569
}