{
  "best_epoch": 4,
  "peak_cpu_memory_MB": 37753.236,
  "peak_gpu_0_memory_MB": 1639,
  "peak_gpu_1_memory_MB": 16103,
  "peak_gpu_2_memory_MB": 15643,
  "peak_gpu_3_memory_MB": 10611,
  "peak_gpu_4_memory_MB": 4217,
  "peak_gpu_5_memory_MB": 7879,
  "peak_gpu_6_memory_MB": 10,
  "peak_gpu_7_memory_MB": 10,
  "training_duration": "3:24:22.255791",
  "training_start_epoch": 0,
  "training_epochs": 4,
  "epoch": 4,
  "training_start_acc": 0.6358291761321476,
  "training_end_acc": 0.6816858639938812,
  "training_span_acc": 0.5417070971129807,
  "training_em": 0.6016278724642975,
  "training_f1": 0.739096042132041,
  "training_loss": 2.336704568558088,
  "training_cpu_memory_MB": 37753.236,
  "training_gpu_0_memory_MB": 1639,
  "training_gpu_1_memory_MB": 7879,
  "training_gpu_2_memory_MB": 15643,
  "training_gpu_3_memory_MB": 10611,
  "training_gpu_4_memory_MB": 0,
  "training_gpu_5_memory_MB": 7879,
  "training_gpu_6_memory_MB": 10,
  "training_gpu_7_memory_MB": 10,
  "validation_start_acc": 0.6541154210028383,
  "validation_end_acc": 0.6878902554399243,
  "validation_span_acc": 0.5684957426679281,
  "validation_em": 0.7033112582781457,
  "validation_f1": 0.794472767075558,
  "validation_loss": 2.263965913934528,
  "best_validation_start_acc": 0.6541154210028383,
  "best_validation_end_acc": 0.6878902554399243,
  "best_validation_span_acc": 0.5684957426679281,
  "best_validation_em": 0.7033112582781457,
  "best_validation_f1": 0.794472767075558,
  "best_validation_loss": 2.263965913934528
}