{
  "best_epoch": 1,
  "peak_cpu_memory_MB": 37722.856,
  "peak_gpu_0_memory_MB": 1639,
  "peak_gpu_1_memory_MB": 16103,
  "peak_gpu_2_memory_MB": 15643,
  "peak_gpu_3_memory_MB": 10609,
  "peak_gpu_4_memory_MB": 4217,
  "peak_gpu_5_memory_MB": 7879,
  "peak_gpu_6_memory_MB": 0,
  "peak_gpu_7_memory_MB": 0,
  "training_duration": "1:25:32.040235",
  "training_start_epoch": 0,
  "training_epochs": 1,
  "epoch": 1,
  "training_start_acc": 0.5417527597347002,
  "training_end_acc": 0.5836482151622735,
  "training_span_acc": 0.4457356819141771,
  "training_em": 0.49887555794015914,
  "training_f1": 0.6412334281572599,
  "training_loss": 3.1530684345389064,
  "training_cpu_memory_MB": 37722.856,
  "training_gpu_0_memory_MB": 1639,
  "training_gpu_1_memory_MB": 7879,
  "training_gpu_2_memory_MB": 15643,
  "training_gpu_3_memory_MB": 10609,
  "training_gpu_4_memory_MB": 4217,
  "training_gpu_5_memory_MB": 7879,
  "training_gpu_6_memory_MB": 0,
  "training_gpu_7_memory_MB": 0,
  "validation_start_acc": 0.6234626300851467,
  "validation_end_acc": 0.6609271523178808,
  "validation_span_acc": 0.5365184484389782,
  "validation_em": 0.6640491958372753,
  "validation_f1": 0.7599564378796891,
  "validation_loss": 2.4902487646858646,
  "best_validation_start_acc": 0.6234626300851467,
  "best_validation_end_acc": 0.6609271523178808,
  "best_validation_span_acc": 0.5365184484389782,
  "best_validation_em": 0.6640491958372753,
  "best_validation_f1": 0.7599564378796891,
  "best_validation_loss": 2.4902487646858646
}