{
  "best_epoch": 6,
  "peak_cpu_memory_MB": 37758.192,
  "peak_gpu_0_memory_MB": 1639,
  "peak_gpu_1_memory_MB": 16103,
  "peak_gpu_2_memory_MB": 15643,
  "peak_gpu_3_memory_MB": 10611,
  "peak_gpu_4_memory_MB": 4863,
  "peak_gpu_5_memory_MB": 7879,
  "peak_gpu_6_memory_MB": 14179,
  "peak_gpu_7_memory_MB": 14179,
  "training_duration": "6:02:20.663323",
  "training_start_epoch": 0,
  "training_epochs": 8,
  "epoch": 8,
  "training_start_acc": 0.7101108460142239,
  "training_end_acc": 0.7481478099065058,
  "training_span_acc": 0.619413463624014,
  "training_em": 0.6764460781515771,
  "training_f1": 0.8024901540550797,
  "training_loss": 1.7708746996916593,
  "training_cpu_memory_MB": 37758.192,
  "training_gpu_0_memory_MB": 871,
  "training_gpu_1_memory_MB": 7879,
  "training_gpu_2_memory_MB": 15643,
  "training_gpu_3_memory_MB": 10611,
  "training_gpu_4_memory_MB": 4863,
  "training_gpu_5_memory_MB": 7879,
  "training_gpu_6_memory_MB": 14179,
  "training_gpu_7_memory_MB": 14179,
  "validation_start_acc": 0.6501419110690634,
  "validation_end_acc": 0.6902554399243142,
  "validation_span_acc": 0.5650898770104068,
  "validation_em": 0.6985808893093661,
  "validation_f1": 0.7924395056915354,
  "validation_loss": 2.404893120279852,
  "best_validation_start_acc": 0.6570482497634815,
  "best_validation_end_acc": 0.6919583727530747,
  "best_validation_span_acc": 0.5723746452223274,
  "best_validation_em": 0.7086092715231788,
  "best_validation_f1": 0.7990665669386715,
  "best_validation_loss": 2.290400889684569
}