{
  "best_epoch": 4,
  "peak_cpu_memory_MB": 37757.796,
  "peak_gpu_0_memory_MB": 1639,
  "peak_gpu_1_memory_MB": 16103,
  "peak_gpu_2_memory_MB": 15643,
  "peak_gpu_3_memory_MB": 10611,
  "peak_gpu_4_memory_MB": 4217,
  "peak_gpu_5_memory_MB": 7879,
  "peak_gpu_6_memory_MB": 12227,
  "peak_gpu_7_memory_MB": 12227,
  "training_duration": "4:03:50.971409",
  "training_start_epoch": 0,
  "training_epochs": 5,
  "epoch": 5,
  "training_start_acc": 0.6585691617484218,
  "training_end_acc": 0.6998710030936426,
  "training_span_acc": 0.566342081530611,
  "training_em": 0.6239226475188073,
  "training_f1": 0.758424111273798,
  "training_loss": 2.1747697887355333,
  "training_cpu_memory_MB": 37757.796,
  "training_gpu_0_memory_MB": 1639,
  "training_gpu_1_memory_MB": 7879,
  "training_gpu_2_memory_MB": 15643,
  "training_gpu_3_memory_MB": 10611,
  "training_gpu_4_memory_MB": 0,
  "training_gpu_5_memory_MB": 7879,
  "training_gpu_6_memory_MB": 12227,
  "training_gpu_7_memory_MB": 12227,
  "validation_start_acc": 0.6498580889309367,
  "validation_end_acc": 0.6835383159886471,
  "validation_span_acc": 0.5561967833491013,
  "validation_em": 0.7027436140018921,
  "validation_f1": 0.7959975836200903,
  "validation_loss": 2.305296753487497,
  "best_validation_start_acc": 0.6541154210028383,
  "best_validation_end_acc": 0.6878902554399243,
  "best_validation_span_acc": 0.5684957426679281,
  "best_validation_em": 0.7033112582781457,
  "best_validation_f1": 0.794472767075558,
  "best_validation_loss": 2.263965913934528
}