{
  "best_epoch": 3,
  "peak_cpu_memory_MB": 37752.552,
  "peak_gpu_0_memory_MB": 1639,
  "peak_gpu_1_memory_MB": 16103,
  "peak_gpu_2_memory_MB": 15643,
  "peak_gpu_3_memory_MB": 10609,
  "peak_gpu_4_memory_MB": 4217,
  "peak_gpu_5_memory_MB": 7879,
  "peak_gpu_6_memory_MB": 0,
  "peak_gpu_7_memory_MB": 0,
  "training_duration": "2:44:45.736127",
  "training_start_epoch": 0,
  "training_epochs": 3,
  "epoch": 3,
  "training_start_acc": 0.614242171714289,
  "training_end_acc": 0.6579641320106394,
  "training_span_acc": 0.5202913275265699,
  "training_em": 0.5778604778593363,
  "training_f1": 0.7162182806227874,
  "training_loss": 2.539527643761134,
  "training_cpu_memory_MB": 37752.552,
  "training_gpu_0_memory_MB": 1639,
  "training_gpu_1_memory_MB": 7879,
  "training_gpu_2_memory_MB": 15643,
  "training_gpu_3_memory_MB": 10609,
  "training_gpu_4_memory_MB": 0,
  "training_gpu_5_memory_MB": 7879,
  "training_gpu_6_memory_MB": 0,
  "training_gpu_7_memory_MB": 0,
  "validation_start_acc": 0.6545884578997162,
  "validation_end_acc": 0.6817407757805108,
  "validation_span_acc": 0.5655629139072847,
  "validation_em": 0.6950804162724693,
  "validation_f1": 0.7894708969543461,
  "validation_loss": 2.2874150757519702,
  "best_validation_start_acc": 0.6545884578997162,
  "best_validation_end_acc": 0.6817407757805108,
  "best_validation_span_acc": 0.5655629139072847,
  "best_validation_em": 0.6950804162724693,
  "best_validation_f1": 0.7894708969543461,
  "best_validation_loss": 2.2874150757519702
}