{
  "best_epoch": 6,
  "peak_cpu_memory_MB": 37758.292,
  "peak_gpu_0_memory_MB": 1639,
  "peak_gpu_1_memory_MB": 16103,
  "peak_gpu_2_memory_MB": 15643,
  "peak_gpu_3_memory_MB": 10611,
  "peak_gpu_4_memory_MB": 4863,
  "peak_gpu_5_memory_MB": 7879,
  "peak_gpu_6_memory_MB": 14179,
  "peak_gpu_7_memory_MB": 14179,
  "training_duration": "9:20:38.396787",
  "training_start_epoch": 0,
  "training_epochs": 13,
  "epoch": 13,
  "training_start_acc": 0.8477037409102843,
  "training_end_acc": 0.8718021895227115,
  "training_span_acc": 0.7784221281064853,
  "training_em": 0.8205573122980856,
  "training_f1": 0.9072026549808396,
  "training_loss": 0.8541291229937175,
  "training_cpu_memory_MB": 37758.292,
  "training_gpu_0_memory_MB": 871,
  "training_gpu_1_memory_MB": 7879,
  "training_gpu_2_memory_MB": 15643,
  "training_gpu_3_memory_MB": 10611,
  "training_gpu_4_memory_MB": 0,
  "training_gpu_5_memory_MB": 7879,
  "training_gpu_6_memory_MB": 8533,
  "training_gpu_7_memory_MB": 10,
  "validation_start_acc": 0.6305581835383159,
  "validation_end_acc": 0.6719016083254494,
  "validation_span_acc": 0.5461684011352885,
  "validation_em": 0.6832544938505204,
  "validation_f1": 0.7835192074405402,
  "validation_loss": 3.296891300183422,
  "best_validation_start_acc": 0.6570482497634815,
  "best_validation_end_acc": 0.6919583727530747,
  "best_validation_span_acc": 0.5723746452223274,
  "best_validation_em": 0.7086092715231788,
  "best_validation_f1": 0.7990665669386715,
  "best_validation_loss": 2.290400889684569
}