{
  "best_epoch": 2,
  "peak_cpu_memory_MB": 37736.824,
  "peak_gpu_0_memory_MB": 1639,
  "peak_gpu_1_memory_MB": 16103,
  "peak_gpu_2_memory_MB": 15643,
  "peak_gpu_3_memory_MB": 10609,
  "peak_gpu_4_memory_MB": 4217,
  "peak_gpu_5_memory_MB": 7879,
  "peak_gpu_6_memory_MB": 0,
  "peak_gpu_7_memory_MB": 0,
  "training_duration": "2:05:06.264180",
  "training_start_epoch": 0,
  "training_epochs": 2,
  "epoch": 2,
  "training_start_acc": 0.5844815580086531,
  "training_end_acc": 0.6269477962077192,
  "training_span_acc": 0.48918366648021094,
  "training_em": 0.5448349867007615,
  "training_f1": 0.68588696251822,
  "training_loss": 2.786763521362113,
  "training_cpu_memory_MB": 37736.824,
  "training_gpu_0_memory_MB": 1639,
  "training_gpu_1_memory_MB": 7879,
  "training_gpu_2_memory_MB": 15643,
  "training_gpu_3_memory_MB": 10609,
  "training_gpu_4_memory_MB": 0,
  "training_gpu_5_memory_MB": 7879,
  "training_gpu_6_memory_MB": 0,
  "training_gpu_7_memory_MB": 0,
  "validation_start_acc": 0.6403973509933775,
  "validation_end_acc": 0.6707663197729423,
  "validation_span_acc": 0.5454115421002839,
  "validation_em": 0.6778618732261117,
  "validation_f1": 0.7740575464232478,
  "validation_loss": 2.4037481960260645,
  "best_validation_start_acc": 0.6403973509933775,
  "best_validation_end_acc": 0.6707663197729423,
  "best_validation_span_acc": 0.5454115421002839,
  "best_validation_em": 0.6778618732261117,
  "best_validation_f1": 0.7740575464232478,
  "best_validation_loss": 2.4037481960260645
}