{
  "best_epoch": 6,
  "peak_cpu_memory_MB": 37757.796,
  "peak_gpu_0_memory_MB": 1639,
  "peak_gpu_1_memory_MB": 16103,
  "peak_gpu_2_memory_MB": 15643,
  "peak_gpu_3_memory_MB": 10611,
  "peak_gpu_4_memory_MB": 4217,
  "peak_gpu_5_memory_MB": 7879,
  "peak_gpu_6_memory_MB": 14177,
  "peak_gpu_7_memory_MB": 14179,
  "training_duration": "4:43:21.899589",
  "training_start_epoch": 0,
  "training_epochs": 6,
  "epoch": 6,
  "training_start_acc": 0.677644721971712,
  "training_end_acc": 0.7177022568750785,
  "training_span_acc": 0.5836253838514138,
  "training_em": 0.641925136131691,
  "training_f1": 0.7746870725120514,
  "training_loss": 2.0238113850219066,
  "training_cpu_memory_MB": 37757.796,
  "training_gpu_0_memory_MB": 0,
  "training_gpu_1_memory_MB": 7879,
  "training_gpu_2_memory_MB": 15643,
  "training_gpu_3_memory_MB": 10611,
  "training_gpu_4_memory_MB": 0,
  "training_gpu_5_memory_MB": 7879,
  "training_gpu_6_memory_MB": 14177,
  "training_gpu_7_memory_MB": 14179,
  "validation_start_acc": 0.6570482497634815,
  "validation_end_acc": 0.6919583727530747,
  "validation_span_acc": 0.5723746452223274,
  "validation_em": 0.7086092715231788,
  "validation_f1": 0.7990665669386715,
  "validation_loss": 2.290400889684569,
  "best_validation_start_acc": 0.6570482497634815,
  "best_validation_end_acc": 0.6919583727530747,
  "best_validation_span_acc": 0.5723746452223274,
  "best_validation_em": 0.7086092715231788,
  "best_validation_f1": 0.7990665669386715,
  "best_validation_loss": 2.290400889684569
}