{
  "best_epoch": 0,
  "peak_cpu_memory_MB": 5493.624,
  "peak_gpu_0_memory_MB": 1639,
  "peak_gpu_1_memory_MB": 16103,
  "peak_gpu_2_memory_MB": 15643,
  "peak_gpu_3_memory_MB": 10609,
  "peak_gpu_4_memory_MB": 0,
  "peak_gpu_5_memory_MB": 1201,
  "peak_gpu_6_memory_MB": 0,
  "peak_gpu_7_memory_MB": 0,
  "training_duration": "0:46:07.611596",
  "training_start_epoch": 0,
  "training_epochs": 0,
  "epoch": 0,
  "training_start_acc": 0.35689905135903377,
  "training_end_acc": 0.3886574047648946,
  "training_span_acc": 0.27137296087854884,
  "training_em": 0.3052660418497928,
  "training_f1": 0.42867737118388977,
  "training_loss": 4.709192698295802,
  "training_cpu_memory_MB": 5493.624,
  "training_gpu_0_memory_MB": 1639,
  "training_gpu_1_memory_MB": 16103,
  "training_gpu_2_memory_MB": 15643,
  "training_gpu_3_memory_MB": 10609,
  "training_gpu_4_memory_MB": 0,
  "training_gpu_5_memory_MB": 1201,
  "training_gpu_6_memory_MB": 0,
  "training_gpu_7_memory_MB": 0,
  "validation_start_acc": 0.5771050141911069,
  "validation_end_acc": 0.618070009460738,
  "validation_span_acc": 0.4848628192999054,
  "validation_em": 0.6095553453169347,
  "validation_f1": 0.7156585040391517,
  "validation_loss": 2.8368234288017704,
  "best_validation_start_acc": 0.5771050141911069,
  "best_validation_end_acc": 0.618070009460738,
  "best_validation_span_acc": 0.4848628192999054,
  "best_validation_em": 0.6095553453169347,
  "best_validation_f1": 0.7156585040391517,
  "best_validation_loss": 2.8368234288017704
}