{
  "best_epoch": 6,
  "peak_cpu_memory_MB": 37758.292,
  "peak_gpu_0_memory_MB": 1639,
  "peak_gpu_1_memory_MB": 16103,
  "peak_gpu_2_memory_MB": 15643,
  "peak_gpu_3_memory_MB": 10611,
  "peak_gpu_4_memory_MB": 4863,
  "peak_gpu_5_memory_MB": 7879,
  "peak_gpu_6_memory_MB": 14179,
  "peak_gpu_7_memory_MB": 14179,
  "training_duration": "10:00:44.458432",
  "training_start_epoch": 0,
  "training_epochs": 14,
  "epoch": 14,
  "training_start_acc": 0.8625440929690978,
  "training_end_acc": 0.8840397721435176,
  "training_span_acc": 0.7980684711012683,
  "training_em": 0.8389365175401545,
  "training_f1": 0.9177615750418304,
  "training_loss": 0.7530279340741297,
  "training_cpu_memory_MB": 37758.292,
  "training_gpu_0_memory_MB": 871,
  "training_gpu_1_memory_MB": 7879,
  "training_gpu_2_memory_MB": 10,
  "training_gpu_3_memory_MB": 10611,
  "training_gpu_4_memory_MB": 0,
  "training_gpu_5_memory_MB": 7879,
  "training_gpu_6_memory_MB": 8533,
  "training_gpu_7_memory_MB": 10,
  "validation_start_acc": 0.6299905392620624,
  "validation_end_acc": 0.6709555345316934,
  "validation_span_acc": 0.5441816461684011,
  "validation_em": 0.6812677388836329,
  "validation_f1": 0.7825019278922184,
  "validation_loss": 3.554871485818107,
  "best_validation_start_acc": 0.6570482497634815,
  "best_validation_end_acc": 0.6919583727530747,
  "best_validation_span_acc": 0.5723746452223274,
  "best_validation_em": 0.7086092715231788,
  "best_validation_f1": 0.7990665669386715,
  "best_validation_loss": 2.290400889684569
}