{
  "best_epoch": 6,
  "peak_cpu_memory_MB": 37743.02,
  "peak_gpu_0_memory_MB": 1639,
  "peak_gpu_1_memory_MB": 7879,
  "peak_gpu_2_memory_MB": 15643,
  "peak_gpu_3_memory_MB": 10611,
  "peak_gpu_4_memory_MB": 11391,
  "peak_gpu_5_memory_MB": 7879,
  "peak_gpu_6_memory_MB": 14179,
  "peak_gpu_7_memory_MB": 14179,
  "training_duration": "5:23:38.632253",
  "training_start_epoch": 0,
  "training_epochs": 7,
  "epoch": 7,
  "training_start_acc": 0.7435130538019841,
  "training_end_acc": 0.7837989018139476,
  "training_span_acc": 0.6574732588271556,
  "training_em": 0.7139807532049453,
  "training_f1": 0.8337387923771039,
  "training_loss": 1.5090650888474564,
  "training_cpu_memory_MB": 37743.02,
  "training_gpu_0_memory_MB": 10,
  "training_gpu_1_memory_MB": 7879,
  "training_gpu_2_memory_MB": 15643,
  "training_gpu_3_memory_MB": 10611,
  "training_gpu_4_memory_MB": 4863,
  "training_gpu_5_memory_MB": 7879,
  "training_gpu_6_memory_MB": 14179,
  "training_gpu_7_memory_MB": 14179,
  "validation_start_acc": 0.6426679280983917,
  "validation_end_acc": 0.6826868495742668,
  "validation_span_acc": 0.5518448438978241,
  "validation_em": 0.6939451277199622,
  "validation_f1": 0.7934538177162803,
  "validation_loss": 2.4855922775448493,
  "best_validation_start_acc": 0.6573320719016084,
  "best_validation_end_acc": 0.697918637653737,
  "best_validation_span_acc": 0.5738883632923368,
  "best_validation_em": 0.7114474929044465,
  "best_validation_f1": 0.802336214726983,
  "best_validation_loss": 2.336354099354654
}