{
  "best_epoch": 4,
  "peak_cpu_memory_MB": 37742.248,
  "peak_gpu_0_memory_MB": 1639,
  "peak_gpu_1_memory_MB": 7879,
  "peak_gpu_2_memory_MB": 15643,
  "peak_gpu_3_memory_MB": 10609,
  "peak_gpu_4_memory_MB": 11391,
  "peak_gpu_5_memory_MB": 7879,
  "peak_gpu_6_memory_MB": 0,
  "peak_gpu_7_memory_MB": 0,
  "training_duration": "3:24:59.274616",
  "training_start_epoch": 0,
  "training_epochs": 4,
  "epoch": 4,
  "training_start_acc": 0.6813662256418452,
  "training_end_acc": 0.7257845409194169,
  "training_span_acc": 0.5892761332891928,
  "training_em": 0.6489800111873423,
  "training_f1": 0.7822228476654675,
  "training_loss": 1.988191660599077,
  "training_cpu_memory_MB": 37742.248,
  "training_gpu_0_memory_MB": 1639,
  "training_gpu_1_memory_MB": 7879,
  "training_gpu_2_memory_MB": 15643,
  "training_gpu_3_memory_MB": 10609,
  "training_gpu_4_memory_MB": 0,
  "training_gpu_5_memory_MB": 7879,
  "training_gpu_6_memory_MB": 0,
  "training_gpu_7_memory_MB": 0,
  "validation_start_acc": 0.6546830652790918,
  "validation_end_acc": 0.7022705771050142,
  "validation_span_acc": 0.5712393566698203,
  "validation_em": 0.7111636707663198,
  "validation_f1": 0.8027732590647503,
  "validation_loss": 2.218062413863416,
  "best_validation_start_acc": 0.6546830652790918,
  "best_validation_end_acc": 0.7022705771050142,
  "best_validation_span_acc": 0.5712393566698203,
  "best_validation_em": 0.7111636707663198,
  "best_validation_f1": 0.8027732590647503,
  "best_validation_loss": 2.218062413863416
}