{
  "best_epoch": 6,
  "peak_cpu_memory_MB": 37743.02,
  "peak_gpu_0_memory_MB": 1639,
  "peak_gpu_1_memory_MB": 7879,
  "peak_gpu_2_memory_MB": 15643,
  "peak_gpu_3_memory_MB": 10611,
  "peak_gpu_4_memory_MB": 11391,
  "peak_gpu_5_memory_MB": 7879,
  "peak_gpu_6_memory_MB": 14177,
  "peak_gpu_7_memory_MB": 14179,
  "training_duration": "4:44:04.115110",
  "training_start_epoch": 0,
  "training_epochs": 6,
  "epoch": 6,
  "training_start_acc": 0.7261270105823125,
  "training_end_acc": 0.7677142433132799,
  "training_span_acc": 0.6371762234728707,
  "training_em": 0.6943800728318816,
  "training_f1": 0.8196347300196073,
  "training_loss": 1.6388938890200226,
  "training_cpu_memory_MB": 37743.02,
  "training_gpu_0_memory_MB": 10,
  "training_gpu_1_memory_MB": 7879,
  "training_gpu_2_memory_MB": 15643,
  "training_gpu_3_memory_MB": 10611,
  "training_gpu_4_memory_MB": 0,
  "training_gpu_5_memory_MB": 7879,
  "training_gpu_6_memory_MB": 14177,
  "training_gpu_7_memory_MB": 14179,
  "validation_start_acc": 0.6573320719016084,
  "validation_end_acc": 0.697918637653737,
  "validation_span_acc": 0.5738883632923368,
  "validation_em": 0.7114474929044465,
  "validation_f1": 0.802336214726983,
  "validation_loss": 2.336354099354654,
  "best_validation_start_acc": 0.6573320719016084,
  "best_validation_end_acc": 0.697918637653737,
  "best_validation_span_acc": 0.5738883632923368,
  "best_validation_em": 0.7114474929044465,
  "best_validation_f1": 0.802336214726983,
  "best_validation_loss": 2.336354099354654
}