{
  "best_epoch": 6,
  "peak_cpu_memory_MB": 37748.78,
  "peak_gpu_0_memory_MB": 1639,
  "peak_gpu_1_memory_MB": 7879,
  "peak_gpu_2_memory_MB": 15643,
  "peak_gpu_3_memory_MB": 10611,
  "peak_gpu_4_memory_MB": 11391,
  "peak_gpu_5_memory_MB": 7879,
  "peak_gpu_6_memory_MB": 14179,
  "peak_gpu_7_memory_MB": 14179,
  "training_duration": "10:42:17.967479",
  "training_start_epoch": 0,
  "training_epochs": 15,
  "epoch": 15,
  "training_start_acc": 0.9327617895181451,
  "training_end_acc": 0.9400449776823936,
  "training_span_acc": 0.8923275379855934,
  "training_em": 0.9151702645007364,
  "training_f1": 0.9579300195284782,
  "training_loss": 0.3738809347492919,
  "training_cpu_memory_MB": 37748.78,
  "training_gpu_0_memory_MB": 871,
  "training_gpu_1_memory_MB": 7879,
  "training_gpu_2_memory_MB": 817,
  "training_gpu_3_memory_MB": 10611,
  "training_gpu_4_memory_MB": 2917,
  "training_gpu_5_memory_MB": 7879,
  "training_gpu_6_memory_MB": 3357,
  "training_gpu_7_memory_MB": 10,
  "validation_start_acc": 0.6236518448438978,
  "validation_end_acc": 0.661116367076632,
  "validation_span_acc": 0.5349101229895932,
  "validation_em": 0.674077578051088,
  "validation_f1": 0.7773692631721619,
  "validation_loss": 4.184984586823662,
  "best_validation_start_acc": 0.6573320719016084,
  "best_validation_end_acc": 0.697918637653737,
  "best_validation_span_acc": 0.5738883632923368,
  "best_validation_em": 0.7114474929044465,
  "best_validation_f1": 0.802336214726983,
  "best_validation_loss": 2.336354099354654
}