{
  "best_epoch": 6,
  "peak_cpu_memory_MB": 37746.8,
  "peak_gpu_0_memory_MB": 1639,
  "peak_gpu_1_memory_MB": 7879,
  "peak_gpu_2_memory_MB": 15643,
  "peak_gpu_3_memory_MB": 10611,
  "peak_gpu_4_memory_MB": 11391,
  "peak_gpu_5_memory_MB": 7879,
  "peak_gpu_6_memory_MB": 14179,
  "peak_gpu_7_memory_MB": 14179,
  "training_duration": "6:42:42.156368",
  "training_start_epoch": 0,
  "training_epochs": 9,
  "epoch": 9,
  "training_start_acc": 0.7759106839119168,
  "training_end_acc": 0.8116531010627975,
  "training_span_acc": 0.6935010673637827,
  "training_em": 0.7467436842886335,
  "training_f1": 0.857832011855334,
  "training_loss": 1.2831553414804207,
  "training_cpu_memory_MB": 37746.8,
  "training_gpu_0_memory_MB": 871,
  "training_gpu_1_memory_MB": 7879,
  "training_gpu_2_memory_MB": 15643,
  "training_gpu_3_memory_MB": 10611,
  "training_gpu_4_memory_MB": 4863,
  "training_gpu_5_memory_MB": 7879,
  "training_gpu_6_memory_MB": 14179,
  "training_gpu_7_memory_MB": 14179,
  "validation_start_acc": 0.6447492904446547,
  "validation_end_acc": 0.6809839167455062,
  "validation_span_acc": 0.5582781456953643,
  "validation_em": 0.6945127719962157,
  "validation_f1": 0.7890088925291061,
  "validation_loss": 2.649775720542332,
  "best_validation_start_acc": 0.6573320719016084,
  "best_validation_end_acc": 0.697918637653737,
  "best_validation_span_acc": 0.5738883632923368,
  "best_validation_em": 0.7114474929044465,
  "best_validation_f1": 0.802336214726983,
  "best_validation_loss": 2.336354099354654
}