{
  "best_epoch": 6,
  "peak_cpu_memory_MB": 37748.572,
  "peak_gpu_0_memory_MB": 1639,
  "peak_gpu_1_memory_MB": 7879,
  "peak_gpu_2_memory_MB": 15643,
  "peak_gpu_3_memory_MB": 10611,
  "peak_gpu_4_memory_MB": 11391,
  "peak_gpu_5_memory_MB": 7879,
  "peak_gpu_6_memory_MB": 14179,
  "peak_gpu_7_memory_MB": 14179,
  "training_duration": "10:02:09.410920",
  "training_start_epoch": 0,
  "training_epochs": 14,
  "epoch": 14,
  "training_start_acc": 0.9223621274215459,
  "training_end_acc": 0.9327617895181451,
  "training_span_acc": 0.87748718592678,
  "training_em": 0.9046678615052683,
  "training_f1": 0.9535356727175467,
  "training_loss": 0.4208397115508443,
  "training_cpu_memory_MB": 37748.572,
  "training_gpu_0_memory_MB": 871,
  "training_gpu_1_memory_MB": 7879,
  "training_gpu_2_memory_MB": 0,
  "training_gpu_3_memory_MB": 10611,
  "training_gpu_4_memory_MB": 0,
  "training_gpu_5_memory_MB": 7879,
  "training_gpu_6_memory_MB": 8533,
  "training_gpu_7_memory_MB": 10,
  "validation_start_acc": 0.6237464522232734,
  "validation_end_acc": 0.6653736991485336,
  "validation_span_acc": 0.5357615894039736,
  "validation_em": 0.6778618732261117,
  "validation_f1": 0.7800094573966397,
  "validation_loss": 4.156294038160792,
  "best_validation_start_acc": 0.6573320719016084,
  "best_validation_end_acc": 0.697918637653737,
  "best_validation_span_acc": 0.5738883632923368,
  "best_validation_em": 0.7114474929044465,
  "best_validation_f1": 0.802336214726983,
  "best_validation_loss": 2.336354099354654
}