{
  "best_epoch": 6,
  "peak_cpu_memory_MB": 37743.02,
  "peak_gpu_0_memory_MB": 1639,
  "peak_gpu_1_memory_MB": 7879,
  "peak_gpu_2_memory_MB": 15643,
  "peak_gpu_3_memory_MB": 10611,
  "peak_gpu_4_memory_MB": 11391,
  "peak_gpu_5_memory_MB": 7879,
  "peak_gpu_6_memory_MB": 14179,
  "peak_gpu_7_memory_MB": 14179,
  "training_duration": "6:03:10.912103",
  "training_start_epoch": 0,
  "training_epochs": 8,
  "epoch": 8,
  "training_start_acc": 0.7622461443623786,
  "training_end_acc": 0.7989703078802269,
  "training_span_acc": 0.6774164088631148,
  "training_em": 0.7319261635406797,
  "training_f1": 0.8480614541729905,
  "training_loss": 1.3790615673206712,
  "training_cpu_memory_MB": 37743.02,
  "training_gpu_0_memory_MB": 871,
  "training_gpu_1_memory_MB": 7879,
  "training_gpu_2_memory_MB": 15643,
  "training_gpu_3_memory_MB": 10611,
  "training_gpu_4_memory_MB": 4863,
  "training_gpu_5_memory_MB": 7879,
  "training_gpu_6_memory_MB": 14179,
  "training_gpu_7_memory_MB": 14179,
  "validation_start_acc": 0.650236518448439,
  "validation_end_acc": 0.6902554399243142,
  "validation_span_acc": 0.5635761589403974,
  "validation_em": 0.704635761589404,
  "validation_f1": 0.7982522620005728,
  "validation_loss": 2.555755477581384,
  "best_validation_start_acc": 0.6573320719016084,
  "best_validation_end_acc": 0.697918637653737,
  "best_validation_span_acc": 0.5738883632923368,
  "best_validation_em": 0.7114474929044465,
  "best_validation_f1": 0.802336214726983,
  "best_validation_loss": 2.336354099354654
}