{
  "best_epoch": 6,
  "peak_cpu_memory_MB": 37746.8,
  "peak_gpu_0_memory_MB": 1639,
  "peak_gpu_1_memory_MB": 7879,
  "peak_gpu_2_memory_MB": 15643,
  "peak_gpu_3_memory_MB": 10611,
  "peak_gpu_4_memory_MB": 11391,
  "peak_gpu_5_memory_MB": 7879,
  "peak_gpu_6_memory_MB": 14179,
  "peak_gpu_7_memory_MB": 14179,
  "training_duration": "8:41:37.859857",
  "training_start_epoch": 0,
  "training_epochs": 12,
  "epoch": 12,
  "training_start_acc": 0.874142398885832,
  "training_end_acc": 0.8963458486969029,
  "training_span_acc": 0.8139933104259182,
  "training_em": 0.8542106645053026,
  "training_f1": 0.9270003296483595,
  "training_loss": 0.6815057531475477,
  "training_cpu_memory_MB": 37746.8,
  "training_gpu_0_memory_MB": 871,
  "training_gpu_1_memory_MB": 7879,
  "training_gpu_2_memory_MB": 15643,
  "training_gpu_3_memory_MB": 10611,
  "training_gpu_4_memory_MB": 4863,
  "training_gpu_5_memory_MB": 7879,
  "training_gpu_6_memory_MB": 8533,
  "training_gpu_7_memory_MB": 0,
  "validation_start_acc": 0.6381267738883633,
  "validation_end_acc": 0.6797540208136235,
  "validation_span_acc": 0.5522232734153264,
  "validation_em": 0.6900662251655629,
  "validation_f1": 0.7892824943076602,
  "validation_loss": 3.419047222497328,
  "best_validation_start_acc": 0.6573320719016084,
  "best_validation_end_acc": 0.697918637653737,
  "best_validation_span_acc": 0.5738883632923368,
  "best_validation_em": 0.7114474929044465,
  "best_validation_f1": 0.802336214726983,
  "best_validation_loss": 2.336354099354654
}