{
  "best_epoch": 0,
  "peak_cpu_memory_MB": 5495.212,
  "peak_gpu_0_memory_MB": 1639,
  "peak_gpu_1_memory_MB": 1201,
  "peak_gpu_2_memory_MB": 15643,
  "peak_gpu_3_memory_MB": 10609,
  "peak_gpu_4_memory_MB": 0,
  "peak_gpu_5_memory_MB": 0,
  "peak_gpu_6_memory_MB": 0,
  "peak_gpu_7_memory_MB": 0,
  "training_duration": "0:46:48.979992",
  "training_start_epoch": 0,
  "training_epochs": 0,
  "epoch": 0,
  "training_start_acc": 0.40183107113094896,
  "training_end_acc": 0.4362835192182559,
  "training_span_acc": 0.31503784289775,
  "training_em": 0.35404513750156963,
  "training_f1": 0.4806459059522028,
  "training_loss": 4.3304097797228325,
  "training_cpu_memory_MB": 5495.212,
  "training_gpu_0_memory_MB": 1639,
  "training_gpu_1_memory_MB": 1201,
  "training_gpu_2_memory_MB": 15643,
  "training_gpu_3_memory_MB": 10609,
  "training_gpu_4_memory_MB": 0,
  "training_gpu_5_memory_MB": 0,
  "training_gpu_6_memory_MB": 0,
  "training_gpu_7_memory_MB": 0,
  "validation_start_acc": 0.6,
  "validation_end_acc": 0.6385052034058657,
  "validation_span_acc": 0.5127719962157048,
  "validation_em": 0.6382213812677389,
  "validation_f1": 0.7348170628228572,
  "validation_loss": 2.674489111720391,
  "best_validation_start_acc": 0.6,
  "best_validation_end_acc": 0.6385052034058657,
  "best_validation_span_acc": 0.5127719962157048,
  "best_validation_em": 0.6382213812677389,
  "best_validation_f1": 0.7348170628228572,
  "best_validation_loss": 2.674489111720391
}