{
  "best_epoch": 6,
  "peak_cpu_memory_MB": 37746.8,
  "peak_gpu_0_memory_MB": 1639,
  "peak_gpu_1_memory_MB": 7879,
  "peak_gpu_2_memory_MB": 15643,
  "peak_gpu_3_memory_MB": 10611,
  "peak_gpu_4_memory_MB": 11391,
  "peak_gpu_5_memory_MB": 7879,
  "peak_gpu_6_memory_MB": 14179,
  "peak_gpu_7_memory_MB": 14179,
  "training_duration": "7:22:21.655829",
  "training_start_epoch": 0,
  "training_epochs": 10,
  "epoch": 10,
  "training_start_acc": 0.8273382116234204,
  "training_end_acc": 0.8554435552917271,
  "training_span_acc": 0.7538099749997146,
  "training_em": 0.8008310597152936,
  "training_f1": 0.8956420328976282,
  "training_loss": 0.9673030716099151,
  "training_cpu_memory_MB": 37746.8,
  "training_gpu_0_memory_MB": 871,
  "training_gpu_1_memory_MB": 7879,
  "training_gpu_2_memory_MB": 15643,
  "training_gpu_3_memory_MB": 10611,
  "training_gpu_4_memory_MB": 4863,
  "training_gpu_5_memory_MB": 7879,
  "training_gpu_6_memory_MB": 0,
  "training_gpu_7_memory_MB": 14179,
  "validation_start_acc": 0.645127719962157,
  "validation_end_acc": 0.6831598864711448,
  "validation_span_acc": 0.5597918637653737,
  "validation_em": 0.7001892147587512,
  "validation_f1": 0.7941301575636915,
  "validation_loss": 2.915766923382597,
  "best_validation_start_acc": 0.6573320719016084,
  "best_validation_end_acc": 0.697918637653737,
  "best_validation_span_acc": 0.5738883632923368,
  "best_validation_em": 0.7114474929044465,
  "best_validation_f1": 0.802336214726983,
  "best_validation_loss": 2.336354099354654
}