{
  "best_epoch": 2,
  "peak_cpu_memory_MB": 37739.868,
  "peak_gpu_0_memory_MB": 1639,
  "peak_gpu_1_memory_MB": 7879,
  "peak_gpu_2_memory_MB": 15643,
  "peak_gpu_3_memory_MB": 10609,
  "peak_gpu_4_memory_MB": 11391,
  "peak_gpu_5_memory_MB": 7879,
  "peak_gpu_6_memory_MB": 0,
  "peak_gpu_7_memory_MB": 0,
  "training_duration": "2:05:38.972225",
  "training_start_epoch": 0,
  "training_epochs": 2,
  "epoch": 2,
  "training_start_acc": 0.6207148483430176,
  "training_end_acc": 0.6638546102124453,
  "training_span_acc": 0.5256909325448921,
  "training_em": 0.5839564378588796,
  "training_f1": 0.7226099532564946,
  "training_loss": 2.4794613249770037,
  "training_cpu_memory_MB": 37739.868,
  "training_gpu_0_memory_MB": 1639,
  "training_gpu_1_memory_MB": 7879,
  "training_gpu_2_memory_MB": 15643,
  "training_gpu_3_memory_MB": 10609,
  "training_gpu_4_memory_MB": 11391,
  "training_gpu_5_memory_MB": 7879,
  "training_gpu_6_memory_MB": 0,
  "training_gpu_7_memory_MB": 0,
  "validation_start_acc": 0.6470198675496689,
  "validation_end_acc": 0.6816461684011353,
  "validation_span_acc": 0.554399243140965,
  "validation_em": 0.6900662251655629,
  "validation_f1": 0.7856019748622586,
  "validation_loss": 2.3112569548049064,
  "best_validation_start_acc": 0.6470198675496689,
  "best_validation_end_acc": 0.6816461684011353,
  "best_validation_span_acc": 0.554399243140965,
  "best_validation_em": 0.6900662251655629,
  "best_validation_f1": 0.7856019748622586,
  "best_validation_loss": 2.3112569548049064
}