{
  "best_epoch": 6,
  "peak_cpu_memory_MB": 37746.8,
  "peak_gpu_0_memory_MB": 1639,
  "peak_gpu_1_memory_MB": 7879,
  "peak_gpu_2_memory_MB": 15643,
  "peak_gpu_3_memory_MB": 10611,
  "peak_gpu_4_memory_MB": 11391,
  "peak_gpu_5_memory_MB": 7879,
  "peak_gpu_6_memory_MB": 14179,
  "peak_gpu_7_memory_MB": 14179,
  "training_duration": "8:02:01.682020",
  "training_start_epoch": 0,
  "training_epochs": 11,
  "epoch": 11,
  "training_start_acc": 0.8572928914713638,
  "training_end_acc": 0.8836630555143323,
  "training_span_acc": 0.7910364273564767,
  "training_em": 0.8342332675030537,
  "training_f1": 0.9168399612205829,
  "training_loss": 0.7758757533275917,
  "training_cpu_memory_MB": 37746.8,
  "training_gpu_0_memory_MB": 871,
  "training_gpu_1_memory_MB": 7879,
  "training_gpu_2_memory_MB": 15643,
  "training_gpu_3_memory_MB": 10611,
  "training_gpu_4_memory_MB": 4863,
  "training_gpu_5_memory_MB": 7879,
  "training_gpu_6_memory_MB": 8531,
  "training_gpu_7_memory_MB": 10,
  "validation_start_acc": 0.6353831598864711,
  "validation_end_acc": 0.6749290444654683,
  "validation_span_acc": 0.5491958372753075,
  "validation_em": 0.6863765373699149,
  "validation_f1": 0.7850232061742466,
  "validation_loss": 3.2728416038009356,
  "best_validation_start_acc": 0.6573320719016084,
  "best_validation_end_acc": 0.697918637653737,
  "best_validation_span_acc": 0.5738883632923368,
  "best_validation_em": 0.7114474929044465,
  "best_validation_f1": 0.802336214726983,
  "best_validation_loss": 2.336354099354654
}