{
  "best_epoch": 1,
  "peak_cpu_memory_MB": 37720.796,
  "peak_gpu_0_memory_MB": 1639,
  "peak_gpu_1_memory_MB": 7879,
  "peak_gpu_2_memory_MB": 15643,
  "peak_gpu_3_memory_MB": 10609,
  "peak_gpu_4_memory_MB": 4217,
  "peak_gpu_5_memory_MB": 7879,
  "peak_gpu_6_memory_MB": 0,
  "peak_gpu_7_memory_MB": 0,
  "training_duration": "1:26:09.245765",
  "training_start_epoch": 0,
  "training_epochs": 1,
  "epoch": 1,
  "training_start_acc": 0.5780088813799245,
  "training_end_acc": 0.6202468064703935,
  "training_span_acc": 0.48227719494514776,
  "training_em": 0.5382253222068745,
  "training_f1": 0.6786057303090696,
  "training_loss": 2.852831178059861,
  "training_cpu_memory_MB": 37720.796,
  "training_gpu_0_memory_MB": 1639,
  "training_gpu_1_memory_MB": 7879,
  "training_gpu_2_memory_MB": 15643,
  "training_gpu_3_memory_MB": 10609,
  "training_gpu_4_memory_MB": 4217,
  "training_gpu_5_memory_MB": 7879,
  "training_gpu_6_memory_MB": 0,
  "training_gpu_7_memory_MB": 0,
  "validation_start_acc": 0.6329233680227058,
  "validation_end_acc": 0.6736991485335856,
  "validation_span_acc": 0.546546830652791,
  "validation_em": 0.6763481551561021,
  "validation_f1": 0.772302469375113,
  "validation_loss": 2.4009712079785905,
  "best_validation_start_acc": 0.6329233680227058,
  "best_validation_end_acc": 0.6736991485335856,
  "best_validation_span_acc": 0.546546830652791,
  "best_validation_em": 0.6763481551561021,
  "best_validation_f1": 0.772302469375113,
  "best_validation_loss": 2.4009712079785905
}