{
  "best_epoch": 4,
  "peak_cpu_memory_MB": 37742.66,
  "peak_gpu_0_memory_MB": 1639,
  "peak_gpu_1_memory_MB": 7879,
  "peak_gpu_2_memory_MB": 15643,
  "peak_gpu_3_memory_MB": 10611,
  "peak_gpu_4_memory_MB": 11391,
  "peak_gpu_5_memory_MB": 7879,
  "peak_gpu_6_memory_MB": 12227,
  "peak_gpu_7_memory_MB": 12227,
  "training_duration": "4:04:31.079733",
  "training_start_epoch": 0,
  "training_epochs": 5,
  "epoch": 5,
  "training_start_acc": 0.7040605486364,
  "training_end_acc": 0.7450541672850147,
  "training_span_acc": 0.6120275345608969,
  "training_em": 0.6710693044441146,
  "training_f1": 0.800158872513321,
  "training_loss": 1.8057057539894157,
  "training_cpu_memory_MB": 37742.66,
  "training_gpu_0_memory_MB": 1639,
  "training_gpu_1_memory_MB": 7879,
  "training_gpu_2_memory_MB": 15643,
  "training_gpu_3_memory_MB": 10611,
  "training_gpu_4_memory_MB": 0,
  "training_gpu_5_memory_MB": 7879,
  "training_gpu_6_memory_MB": 12227,
  "training_gpu_7_memory_MB": 12227,
  "validation_start_acc": 0.6483443708609271,
  "validation_end_acc": 0.6827814569536423,
  "validation_span_acc": 0.5561967833491013,
  "validation_em": 0.6982970671712394,
  "validation_f1": 0.7928430847789766,
  "validation_loss": 2.395551131131514,
  "best_validation_start_acc": 0.6546830652790918,
  "best_validation_end_acc": 0.7022705771050142,
  "best_validation_span_acc": 0.5712393566698203,
  "best_validation_em": 0.7111636707663198,
  "best_validation_f1": 0.8027732590647503,
  "best_validation_loss": 2.218062413863416
}