{
  "best_epoch": 3,
  "peak_cpu_memory_MB": 37741.192,
  "peak_gpu_0_memory_MB": 1639,
  "peak_gpu_1_memory_MB": 7879,
  "peak_gpu_2_memory_MB": 15643,
  "peak_gpu_3_memory_MB": 10609,
  "peak_gpu_4_memory_MB": 11391,
  "peak_gpu_5_memory_MB": 7879,
  "peak_gpu_6_memory_MB": 0,
  "peak_gpu_7_memory_MB": 0,
  "training_duration": "2:45:15.280344",
  "training_start_epoch": 0,
  "training_epochs": 3,
  "epoch": 3,
  "training_start_acc": 0.6517996780785169,
  "training_end_acc": 0.6948709460153655,
  "training_span_acc": 0.5599949771116108,
  "training_em": 0.6192079818262766,
  "training_f1": 0.754095686725509,
  "training_loss": 2.219217912410492,
  "training_cpu_memory_MB": 37741.192,
  "training_gpu_0_memory_MB": 1639,
  "training_gpu_1_memory_MB": 7879,
  "training_gpu_2_memory_MB": 15643,
  "training_gpu_3_memory_MB": 10609,
  "training_gpu_4_memory_MB": 0,
  "training_gpu_5_memory_MB": 7879,
  "training_gpu_6_memory_MB": 0,
  "training_gpu_7_memory_MB": 0,
  "validation_start_acc": 0.6587511825922422,
  "validation_end_acc": 0.6908230842005676,
  "validation_span_acc": 0.5692526017029328,
  "validation_em": 0.7022705771050142,
  "validation_f1": 0.7950605840886162,
  "validation_loss": 2.2532927895491976,
  "best_validation_start_acc": 0.6587511825922422,
  "best_validation_end_acc": 0.6908230842005676,
  "best_validation_span_acc": 0.5692526017029328,
  "best_validation_em": 0.7022705771050142,
  "best_validation_f1": 0.7950605840886162,
  "best_validation_loss": 2.2532927895491976
}