{
  "best_epoch": 6,
  "peak_cpu_memory_MB": 37738.952,
  "peak_gpu_0_memory_MB": 1639,
  "peak_gpu_1_memory_MB": 7879,
  "peak_gpu_2_memory_MB": 15643,
  "peak_gpu_3_memory_MB": 10611,
  "peak_gpu_4_memory_MB": 4217,
  "peak_gpu_5_memory_MB": 7879,
  "peak_gpu_6_memory_MB": 12227,
  "peak_gpu_7_memory_MB": 12227,
  "training_duration": "4:48:23.609883",
  "training_start_epoch": 0,
  "training_epochs": 6,
  "epoch": 6,
  "training_start_acc": 0.7193803582232674,
  "training_end_acc": 0.7590725921528785,
  "training_span_acc": 0.6281464400278542,
  "training_em": 0.6857954999486295,
  "training_f1": 0.8127656712135177,
  "training_loss": 1.6974057005420666,
  "training_cpu_memory_MB": 37738.952,
  "training_gpu_0_memory_MB": 1639,
  "training_gpu_1_memory_MB": 7879,
  "training_gpu_2_memory_MB": 15643,
  "training_gpu_3_memory_MB": 10611,
  "training_gpu_4_memory_MB": 0,
  "training_gpu_5_memory_MB": 7879,
  "training_gpu_6_memory_MB": 12227,
  "training_gpu_7_memory_MB": 12227,
  "validation_start_acc": 0.6571428571428571,
  "validation_end_acc": 0.6967833491012299,
  "validation_span_acc": 0.5742667928098392,
  "validation_em": 0.7148533585619679,
  "validation_f1": 0.8020563900888967,
  "validation_loss": 2.3338284861366705,
  "best_validation_start_acc": 0.6571428571428571,
  "best_validation_end_acc": 0.6967833491012299,
  "best_validation_span_acc": 0.5742667928098392,
  "best_validation_em": 0.7148533585619679,
  "best_validation_f1": 0.8020563900888967,
  "best_validation_loss": 2.3338284861366705
}