{
  "best_epoch": 6,
  "peak_cpu_memory_MB": 37739.244,
  "peak_gpu_0_memory_MB": 1639,
  "peak_gpu_1_memory_MB": 7879,
  "peak_gpu_2_memory_MB": 15643,
  "peak_gpu_3_memory_MB": 10611,
  "peak_gpu_4_memory_MB": 4217,
  "peak_gpu_5_memory_MB": 7879,
  "peak_gpu_6_memory_MB": 14177,
  "peak_gpu_7_memory_MB": 14177,
  "training_duration": "5:28:54.821262",
  "training_start_epoch": 0,
  "training_epochs": 7,
  "epoch": 7,
  "training_start_acc": 0.7391636890832087,
  "training_end_acc": 0.7755339672827315,
  "training_span_acc": 0.649722028790283,
  "training_em": 0.7061610292354935,
  "training_f1": 0.827607385132901,
  "training_loss": 1.5569619461553825,
  "training_cpu_memory_MB": 37739.244,
  "training_gpu_0_memory_MB": 0,
  "training_gpu_1_memory_MB": 7879,
  "training_gpu_2_memory_MB": 15643,
  "training_gpu_3_memory_MB": 10611,
  "training_gpu_4_memory_MB": 0,
  "training_gpu_5_memory_MB": 7879,
  "training_gpu_6_memory_MB": 14177,
  "training_gpu_7_memory_MB": 14177,
  "validation_start_acc": 0.6479659413434248,
  "validation_end_acc": 0.6894039735099338,
  "validation_span_acc": 0.5596972563859981,
  "validation_em": 0.7038789025543992,
  "validation_f1": 0.795868886092243,
  "validation_loss": 2.5187242476445326,
  "best_validation_start_acc": 0.6571428571428571,
  "best_validation_end_acc": 0.6967833491012299,
  "best_validation_span_acc": 0.5742667928098392,
  "best_validation_em": 0.7148533585619679,
  "best_validation_f1": 0.8020563900888967,
  "best_validation_loss": 2.3338284861366705
}