{
  "best_epoch": 6,
  "peak_cpu_memory_MB": 37739.244,
  "peak_gpu_0_memory_MB": 1639,
  "peak_gpu_1_memory_MB": 7879,
  "peak_gpu_2_memory_MB": 15643,
  "peak_gpu_3_memory_MB": 10611,
  "peak_gpu_4_memory_MB": 4571,
  "peak_gpu_5_memory_MB": 7879,
  "peak_gpu_6_memory_MB": 14177,
  "peak_gpu_7_memory_MB": 14179,
  "training_duration": "6:09:25.440380",
  "training_start_epoch": 0,
  "training_epochs": 8,
  "epoch": 8,
  "training_start_acc": 0.7559903651868172,
  "training_end_acc": 0.7920752520005936,
  "training_span_acc": 0.6695624379273736,
  "training_em": 0.7240036986723593,
  "training_f1": 0.8407638298185607,
  "training_loss": 1.439060210718956,
  "training_cpu_memory_MB": 37739.244,
  "training_gpu_0_memory_MB": 10,
  "training_gpu_1_memory_MB": 7879,
  "training_gpu_2_memory_MB": 15643,
  "training_gpu_3_memory_MB": 10611,
  "training_gpu_4_memory_MB": 4571,
  "training_gpu_5_memory_MB": 7879,
  "training_gpu_6_memory_MB": 14177,
  "training_gpu_7_memory_MB": 14179,
  "validation_start_acc": 0.6471144749290445,
  "validation_end_acc": 0.6925260170293283,
  "validation_span_acc": 0.5654683065279091,
  "validation_em": 0.6997161778618732,
  "validation_f1": 0.7927559691728788,
  "validation_loss": 2.482770805088979,
  "best_validation_start_acc": 0.6571428571428571,
  "best_validation_end_acc": 0.6967833491012299,
  "best_validation_span_acc": 0.5742667928098392,
  "best_validation_em": 0.7148533585619679,
  "best_validation_f1": 0.8020563900888967,
  "best_validation_loss": 2.3338284861366705
}