{
  "best_epoch": 5,
  "peak_cpu_memory_MB": 37738.952,
  "peak_gpu_0_memory_MB": 1639,
  "peak_gpu_1_memory_MB": 7879,
  "peak_gpu_2_memory_MB": 15643,
  "peak_gpu_3_memory_MB": 10609,
  "peak_gpu_4_memory_MB": 4217,
  "peak_gpu_5_memory_MB": 7879,
  "peak_gpu_6_memory_MB": 1175,
  "peak_gpu_7_memory_MB": 0,
  "training_duration": "4:07:54.554394",
  "training_start_epoch": 0,
  "training_epochs": 5,
  "epoch": 5,
  "training_start_acc": 0.6979417573259968,
  "training_end_acc": 0.7373828468361511,
  "training_span_acc": 0.6047557620520783,
  "training_em": 0.6635463875158393,
  "training_f1": 0.7937560300836974,
  "training_loss": 1.8568047933110363,
  "training_cpu_memory_MB": 37738.952,
  "training_gpu_0_memory_MB": 1639,
  "training_gpu_1_memory_MB": 7879,
  "training_gpu_2_memory_MB": 15643,
  "training_gpu_3_memory_MB": 10609,
  "training_gpu_4_memory_MB": 0,
  "training_gpu_5_memory_MB": 7879,
  "training_gpu_6_memory_MB": 0,
  "training_gpu_7_memory_MB": 0,
  "validation_start_acc": 0.6546830652790918,
  "validation_end_acc": 0.6923368022705771,
  "validation_span_acc": 0.5635761589403974,
  "validation_em": 0.7113528855250709,
  "validation_f1": 0.801254488118612,
  "validation_loss": 2.2916522349951403,
  "best_validation_start_acc": 0.6546830652790918,
  "best_validation_end_acc": 0.6923368022705771,
  "best_validation_span_acc": 0.5635761589403974,
  "best_validation_em": 0.7113528855250709,
  "best_validation_f1": 0.801254488118612,
  "best_validation_loss": 2.2916522349951403
}