{
  "best_epoch": 6,
  "peak_cpu_memory_MB": 37739.376,
  "peak_gpu_0_memory_MB": 1639,
  "peak_gpu_1_memory_MB": 7879,
  "peak_gpu_2_memory_MB": 15643,
  "peak_gpu_3_memory_MB": 10611,
  "peak_gpu_4_memory_MB": 4863,
  "peak_gpu_5_memory_MB": 7879,
  "peak_gpu_6_memory_MB": 14179,
  "peak_gpu_7_memory_MB": 14179,
  "training_duration": "6:49:55.651484",
  "training_start_epoch": 0,
  "training_epochs": 9,
  "epoch": 9,
  "training_start_acc": 0.7705909884816037,
  "training_end_acc": 0.8038105457824861,
  "training_span_acc": 0.6857155903606206,
  "training_em": 0.7383645932031188,
  "training_f1": 0.85034906831183,
  "training_loss": 1.3450550410845508,
  "training_cpu_memory_MB": 37739.376,
  "training_gpu_0_memory_MB": 871,
  "training_gpu_1_memory_MB": 7879,
  "training_gpu_2_memory_MB": 15643,
  "training_gpu_3_memory_MB": 10611,
  "training_gpu_4_memory_MB": 4863,
  "training_gpu_5_memory_MB": 7879,
  "training_gpu_6_memory_MB": 14179,
  "training_gpu_7_memory_MB": 14179,
  "validation_start_acc": 0.6442762535477767,
  "validation_end_acc": 0.6807000946073793,
  "validation_span_acc": 0.5566698202459792,
  "validation_em": 0.695364238410596,
  "validation_f1": 0.7870846285268194,
  "validation_loss": 2.650570034081081,
  "best_validation_start_acc": 0.6571428571428571,
  "best_validation_end_acc": 0.6967833491012299,
  "best_validation_span_acc": 0.5742667928098392,
  "best_validation_em": 0.7148533585619679,
  "best_validation_f1": 0.8020563900888967,
  "best_validation_loss": 2.3338284861366705
}