{
  "best_epoch": 6,
  "peak_cpu_memory_MB": 37739.376,
  "peak_gpu_0_memory_MB": 1639,
  "peak_gpu_1_memory_MB": 7879,
  "peak_gpu_2_memory_MB": 15643,
  "peak_gpu_3_memory_MB": 10611,
  "peak_gpu_4_memory_MB": 4863,
  "peak_gpu_5_memory_MB": 7879,
  "peak_gpu_6_memory_MB": 14179,
  "peak_gpu_7_memory_MB": 14179,
  "training_duration": "8:51:46.307950",
  "training_start_epoch": 0,
  "training_epochs": 12,
  "epoch": 12,
  "training_start_acc": 0.8701355038299524,
  "training_end_acc": 0.8872589869747372,
  "training_span_acc": 0.8053402436100868,
  "training_em": 0.8438566650304227,
  "training_f1": 0.9198566965430206,
  "training_loss": 0.7273985355956369,
  "training_cpu_memory_MB": 37739.376,
  "training_gpu_0_memory_MB": 871,
  "training_gpu_1_memory_MB": 7879,
  "training_gpu_2_memory_MB": 15643,
  "training_gpu_3_memory_MB": 10611,
  "training_gpu_4_memory_MB": 4863,
  "training_gpu_5_memory_MB": 7879,
  "training_gpu_6_memory_MB": 8531,
  "training_gpu_7_memory_MB": 10,
  "validation_start_acc": 0.6349101229895932,
  "validation_end_acc": 0.6859035004730369,
  "validation_span_acc": 0.5501419110690634,
  "validation_em": 0.6936613055818354,
  "validation_f1": 0.7903456147496494,
  "validation_loss": 3.3867681892413013,
  "best_validation_start_acc": 0.6571428571428571,
  "best_validation_end_acc": 0.6967833491012299,
  "best_validation_span_acc": 0.5742667928098392,
  "best_validation_em": 0.7148533585619679,
  "best_validation_f1": 0.8020563900888967,
  "best_validation_loss": 2.3338284861366705
}