{
  "best_epoch": 1,
  "peak_cpu_memory_MB": 37719.068,
  "peak_gpu_0_memory_MB": 1639,
  "peak_gpu_1_memory_MB": 0,
  "peak_gpu_2_memory_MB": 10205,
  "peak_gpu_3_memory_MB": 10609,
  "peak_gpu_4_memory_MB": 0,
  "peak_gpu_5_memory_MB": 10,
  "peak_gpu_6_memory_MB": 0,
  "peak_gpu_7_memory_MB": 0,
  "training_duration": "1:26:08.793995",
  "training_start_epoch": 0,
  "training_epochs": 1,
  "epoch": 1,
  "training_start_acc": 0.5703489765864908,
  "training_end_acc": 0.6144704848228861,
  "training_span_acc": 0.473030514046964,
  "training_em": 0.529595086701903,
  "training_f1": 0.6720968983632709,
  "training_loss": 2.905215235279031,
  "training_cpu_memory_MB": 37719.068,
  "training_gpu_0_memory_MB": 1639,
  "training_gpu_1_memory_MB": 0,
  "training_gpu_2_memory_MB": 10205,
  "training_gpu_3_memory_MB": 10609,
  "training_gpu_4_memory_MB": 0,
  "training_gpu_5_memory_MB": 0,
  "training_gpu_6_memory_MB": 0,
  "training_gpu_7_memory_MB": 0,
  "validation_start_acc": 0.6374645222327342,
  "validation_end_acc": 0.6719962157048249,
  "validation_span_acc": 0.5467360454115421,
  "validation_em": 0.6790917691579943,
  "validation_f1": 0.7782694568599661,
  "validation_loss": 2.400783219427433,
  "best_validation_start_acc": 0.6374645222327342,
  "best_validation_end_acc": 0.6719962157048249,
  "best_validation_span_acc": 0.5467360454115421,
  "best_validation_em": 0.6790917691579943,
  "best_validation_f1": 0.7782694568599661,
  "best_validation_loss": 2.400783219427433
}