{
  "best_epoch": 4,
  "peak_cpu_memory_MB": 37757.432,
  "peak_gpu_0_memory_MB": 1639,
  "peak_gpu_1_memory_MB": 7879,
  "peak_gpu_2_memory_MB": 15643,
  "peak_gpu_3_memory_MB": 10611,
  "peak_gpu_4_memory_MB": 4863,
  "peak_gpu_5_memory_MB": 7879,
  "peak_gpu_6_memory_MB": 14179,
  "peak_gpu_7_memory_MB": 14179,
  "training_duration": "7:16:36.692509",
  "training_start_epoch": 0,
  "training_epochs": 10,
  "epoch": 10,
  "training_start_acc": 0.8883320585851436,
  "training_end_acc": 0.905010331168164,
  "training_span_acc": 0.8299409810614277,
  "training_em": 0.8644276761150241,
  "training_f1": 0.9339444743365898,
  "training_loss": 0.6352561602547561,
  "training_cpu_memory_MB": 37757.432,
  "training_gpu_0_memory_MB": 871,
  "training_gpu_1_memory_MB": 7879,
  "training_gpu_2_memory_MB": 15643,
  "training_gpu_3_memory_MB": 10611,
  "training_gpu_4_memory_MB": 4863,
  "training_gpu_5_memory_MB": 7879,
  "training_gpu_6_memory_MB": 14179,
  "training_gpu_7_memory_MB": 14179,
  "validation_start_acc": 0.63519394512772,
  "validation_end_acc": 0.6708609271523179,
  "validation_span_acc": 0.5422894985808893,
  "validation_em": 0.6843897824030274,
  "validation_f1": 0.785370452077403,
  "validation_loss": 3.2722091764773964,
  "best_validation_start_acc": 0.6584673604541155,
  "best_validation_end_acc": 0.6899716177861873,
  "best_validation_span_acc": 0.5689687795648061,
  "best_validation_em": 0.70879848628193,
  "best_validation_f1": 0.800667231074614,
  "best_validation_loss": 2.2899830296354473
}