{
  "best_epoch": 4,
  "peak_cpu_memory_MB": 37757.432,
  "peak_gpu_0_memory_MB": 1639,
  "peak_gpu_1_memory_MB": 7879,
  "peak_gpu_2_memory_MB": 15643,
  "peak_gpu_3_memory_MB": 10611,
  "peak_gpu_4_memory_MB": 4217,
  "peak_gpu_5_memory_MB": 7879,
  "peak_gpu_6_memory_MB": 14177,
  "peak_gpu_7_memory_MB": 14179,
  "training_duration": "5:57:41.596467",
  "training_start_epoch": 0,
  "training_epochs": 8,
  "epoch": 8,
  "training_start_acc": 0.8337195630087102,
  "training_end_acc": 0.8624071051039396,
  "training_span_acc": 0.7588671103551411,
  "training_em": 0.8063334056324843,
  "training_f1": 0.9018621859349817,
  "training_loss": 0.9441020408993986,
  "training_cpu_memory_MB": 37757.432,
  "training_gpu_0_memory_MB": 10,
  "training_gpu_1_memory_MB": 7879,
  "training_gpu_2_memory_MB": 15643,
  "training_gpu_3_memory_MB": 10611,
  "training_gpu_4_memory_MB": 0,
  "training_gpu_5_memory_MB": 7879,
  "training_gpu_6_memory_MB": 14177,
  "training_gpu_7_memory_MB": 14179,
  "validation_start_acc": 0.6446546830652791,
  "validation_end_acc": 0.6859035004730369,
  "validation_span_acc": 0.5578051087984863,
  "validation_em": 0.699526963103122,
  "validation_f1": 0.7940152390461627,
  "validation_loss": 2.8001002109275674,
  "best_validation_start_acc": 0.6584673604541155,
  "best_validation_end_acc": 0.6899716177861873,
  "best_validation_span_acc": 0.5689687795648061,
  "best_validation_em": 0.70879848628193,
  "best_validation_f1": 0.800667231074614,
  "best_validation_loss": 2.2899830296354473
}