{
  "best_epoch": 4,
  "peak_cpu_memory_MB": 37757.54,
  "peak_gpu_0_memory_MB": 1639,
  "peak_gpu_1_memory_MB": 7879,
  "peak_gpu_2_memory_MB": 15643,
  "peak_gpu_3_memory_MB": 10611,
  "peak_gpu_4_memory_MB": 4863,
  "peak_gpu_5_memory_MB": 7879,
  "peak_gpu_6_memory_MB": 14179,
  "peak_gpu_7_memory_MB": 14179,
  "training_duration": "9:15:21.078348",
  "training_start_epoch": 0,
  "training_epochs": 13,
  "epoch": 13,
  "training_start_acc": 0.9493144898914371,
  "training_end_acc": 0.9523168072694894,
  "training_span_acc": 0.9154899028527723,
  "training_em": 0.9312891699676937,
  "training_f1": 0.9662915258810342,
  "training_loss": 0.3049281650176059,
  "training_cpu_memory_MB": 37757.54,
  "training_gpu_0_memory_MB": 871,
  "training_gpu_1_memory_MB": 7879,
  "training_gpu_2_memory_MB": 15643,
  "training_gpu_3_memory_MB": 10611,
  "training_gpu_4_memory_MB": 4863,
  "training_gpu_5_memory_MB": 7879,
  "training_gpu_6_memory_MB": 8533,
  "training_gpu_7_memory_MB": 0,
  "validation_start_acc": 0.6267738883632923,
  "validation_end_acc": 0.6676442762535478,
  "validation_span_acc": 0.5350993377483444,
  "validation_em": 0.6770104068117313,
  "validation_f1": 0.7807438280308305,
  "validation_loss": 3.9832758120770726,
  "best_validation_start_acc": 0.6584673604541155,
  "best_validation_end_acc": 0.6899716177861873,
  "best_validation_span_acc": 0.5689687795648061,
  "best_validation_em": 0.70879848628193,
  "best_validation_f1": 0.800667231074614,
  "best_validation_loss": 2.2899830296354473
}