{
  "best_epoch": 0,
  "peak_cpu_memory_MB": 5496.896,
  "peak_gpu_0_memory_MB": 1639,
  "peak_gpu_1_memory_MB": 0,
  "peak_gpu_2_memory_MB": 1201,
  "peak_gpu_3_memory_MB": 1201,
  "peak_gpu_4_memory_MB": 0,
  "peak_gpu_5_memory_MB": 10,
  "peak_gpu_6_memory_MB": 0,
  "peak_gpu_7_memory_MB": 0,
  "training_duration": "0:45:45.595462",
  "training_start_epoch": 0,
  "training_epochs": 0,
  "epoch": 0,
  "training_start_acc": 0.4446397789929109,
  "training_end_acc": 0.47836162513270697,
  "training_span_acc": 0.34958161622849576,
  "training_em": 0.39315517300425806,
  "training_f1": 0.5295457987520584,
  "training_loss": 3.947526128542478,
  "training_cpu_memory_MB": 5496.896,
  "training_gpu_0_memory_MB": 1639,
  "training_gpu_1_memory_MB": 0,
  "training_gpu_2_memory_MB": 1201,
  "training_gpu_3_memory_MB": 1201,
  "training_gpu_4_memory_MB": 0,
  "training_gpu_5_memory_MB": 10,
  "training_gpu_6_memory_MB": 0,
  "training_gpu_7_memory_MB": 0,
  "validation_start_acc": 0.6157048249763482,
  "validation_end_acc": 0.6639545884578997,
  "validation_span_acc": 0.523841059602649,
  "validation_em": 0.6616840113528856,
  "validation_f1": 0.7629499349394645,
  "validation_loss": 2.5072862737583663,
  "best_validation_start_acc": 0.6157048249763482,
  "best_validation_end_acc": 0.6639545884578997,
  "best_validation_span_acc": 0.523841059602649,
  "best_validation_em": 0.6616840113528856,
  "best_validation_f1": 0.7629499349394645,
  "best_validation_loss": 2.5072862737583663
}