{
  "best_epoch": 4,
  "peak_cpu_memory_MB": 37757.432,
  "peak_gpu_0_memory_MB": 1639,
  "peak_gpu_1_memory_MB": 7879,
  "peak_gpu_2_memory_MB": 15643,
  "peak_gpu_3_memory_MB": 10611,
  "peak_gpu_4_memory_MB": 4217,
  "peak_gpu_5_memory_MB": 7879,
  "peak_gpu_6_memory_MB": 12227,
  "peak_gpu_7_memory_MB": 12227,
  "training_duration": "5:18:13.669193",
  "training_start_epoch": 0,
  "training_epochs": 7,
  "epoch": 7,
  "training_start_acc": 0.7790271578442677,
  "training_end_acc": 0.8133768650327059,
  "training_span_acc": 0.6928732063151406,
  "training_em": 0.7468920878092216,
  "training_f1": 0.8616928558765415,
  "training_loss": 1.289955898969685,
  "training_cpu_memory_MB": 37757.432,
  "training_gpu_0_memory_MB": 1639,
  "training_gpu_1_memory_MB": 7879,
  "training_gpu_2_memory_MB": 15643,
  "training_gpu_3_memory_MB": 10611,
  "training_gpu_4_memory_MB": 0,
  "training_gpu_5_memory_MB": 7879,
  "training_gpu_6_memory_MB": 12227,
  "training_gpu_7_memory_MB": 12227,
  "validation_start_acc": 0.6469252601702933,
  "validation_end_acc": 0.6871333964049195,
  "validation_span_acc": 0.5591296121097445,
  "validation_em": 0.695364238410596,
  "validation_f1": 0.7905301018145506,
  "validation_loss": 2.5685258532470128,
  "best_validation_start_acc": 0.6584673604541155,
  "best_validation_end_acc": 0.6899716177861873,
  "best_validation_span_acc": 0.5689687795648061,
  "best_validation_em": 0.70879848628193,
  "best_validation_f1": 0.800667231074614,
  "best_validation_loss": 2.2899830296354473
}