{
  "best_epoch": 4,
  "peak_cpu_memory_MB": 37749.052,
  "peak_gpu_0_memory_MB": 1639,
  "peak_gpu_1_memory_MB": 7879,
  "peak_gpu_2_memory_MB": 15643,
  "peak_gpu_3_memory_MB": 10609,
  "peak_gpu_4_memory_MB": 4217,
  "peak_gpu_5_memory_MB": 7879,
  "peak_gpu_6_memory_MB": 1175,
  "peak_gpu_7_memory_MB": 0,
  "training_duration": "3:20:36.559795",
  "training_start_epoch": 0,
  "training_epochs": 4,
  "epoch": 4,
  "training_start_acc": 0.7176680099087889,
  "training_end_acc": 0.7595406340255025,
  "training_span_acc": 0.6232034612267263,
  "training_em": 0.6835808627952374,
  "training_f1": 0.8150134304334735,
  "training_loss": 1.7143974243233737,
  "training_cpu_memory_MB": 37749.052,
  "training_gpu_0_memory_MB": 1639,
  "training_gpu_1_memory_MB": 7879,
  "training_gpu_2_memory_MB": 15643,
  "training_gpu_3_memory_MB": 10609,
  "training_gpu_4_memory_MB": 0,
  "training_gpu_5_memory_MB": 7879,
  "training_gpu_6_memory_MB": 0,
  "training_gpu_7_memory_MB": 0,
  "validation_start_acc": 0.6584673604541155,
  "validation_end_acc": 0.6899716177861873,
  "validation_span_acc": 0.5689687795648061,
  "validation_em": 0.70879848628193,
  "validation_f1": 0.800667231074614,
  "validation_loss": 2.2899830296354473,
  "best_validation_start_acc": 0.6584673604541155,
  "best_validation_end_acc": 0.6899716177861873,
  "best_validation_span_acc": 0.5689687795648061,
  "best_validation_em": 0.70879848628193,
  "best_validation_f1": 0.800667231074614,
  "best_validation_loss": 2.2899830296354473
}