{
  "best_epoch": 4,
  "peak_cpu_memory_MB": 37757.432,
  "peak_gpu_0_memory_MB": 1639,
  "peak_gpu_1_memory_MB": 7879,
  "peak_gpu_2_memory_MB": 15643,
  "peak_gpu_3_memory_MB": 10611,
  "peak_gpu_4_memory_MB": 4863,
  "peak_gpu_5_memory_MB": 7879,
  "peak_gpu_6_memory_MB": 14179,
  "peak_gpu_7_memory_MB": 14179,
  "training_duration": "7:56:11.998200",
  "training_start_epoch": 0,
  "training_epochs": 11,
  "epoch": 11,
  "training_start_acc": 0.9215630315414559,
  "training_end_acc": 0.9301247731138483,
  "training_span_acc": 0.8750442356647907,
  "training_em": 0.9001244306441855,
  "training_f1": 0.9516446702067245,
  "training_loss": 0.4605222093188055,
  "training_cpu_memory_MB": 37757.432,
  "training_gpu_0_memory_MB": 871,
  "training_gpu_1_memory_MB": 7879,
  "training_gpu_2_memory_MB": 15643,
  "training_gpu_3_memory_MB": 10611,
  "training_gpu_4_memory_MB": 4863,
  "training_gpu_5_memory_MB": 7879,
  "training_gpu_6_memory_MB": 0,
  "training_gpu_7_memory_MB": 14179,
  "validation_start_acc": 0.6355723746452223,
  "validation_end_acc": 0.67360454115421,
  "validation_span_acc": 0.5428571428571428,
  "validation_em": 0.686092715231788,
  "validation_f1": 0.7870865759520571,
  "validation_loss": 3.5379998166606113,
  "best_validation_start_acc": 0.6584673604541155,
  "best_validation_end_acc": 0.6899716177861873,
  "best_validation_span_acc": 0.5689687795648061,
  "best_validation_em": 0.70879848628193,
  "best_validation_f1": 0.800667231074614,
  "best_validation_loss": 2.2899830296354473
}