{
  "best_epoch": 4,
  "peak_cpu_memory_MB": 37757.54,
  "peak_gpu_0_memory_MB": 1639,
  "peak_gpu_1_memory_MB": 7879,
  "peak_gpu_2_memory_MB": 15643,
  "peak_gpu_3_memory_MB": 10611,
  "peak_gpu_4_memory_MB": 4863,
  "peak_gpu_5_memory_MB": 7879,
  "peak_gpu_6_memory_MB": 14179,
  "peak_gpu_7_memory_MB": 14179,
  "training_duration": "8:35:48.152387",
  "training_start_epoch": 0,
  "training_epochs": 12,
  "epoch": 12,
  "training_start_acc": 0.9397481706412174,
  "training_end_acc": 0.9453075948355575,
  "training_span_acc": 0.9015171406066279,
  "training_em": 0.9210264957362527,
  "training_f1": 0.9623555578964547,
  "training_loss": 0.35857512104967143,
  "training_cpu_memory_MB": 37757.54,
  "training_gpu_0_memory_MB": 871,
  "training_gpu_1_memory_MB": 7879,
  "training_gpu_2_memory_MB": 15643,
  "training_gpu_3_memory_MB": 10611,
  "training_gpu_4_memory_MB": 4863,
  "training_gpu_5_memory_MB": 7879,
  "training_gpu_6_memory_MB": 8531,
  "training_gpu_7_memory_MB": 10,
  "validation_start_acc": 0.633774834437086,
  "validation_end_acc": 0.6748344370860927,
  "validation_span_acc": 0.5452223273415326,
  "validation_em": 0.6854304635761589,
  "validation_f1": 0.786843076626683,
  "validation_loss": 3.8180388626062647,
  "best_validation_start_acc": 0.6584673604541155,
  "best_validation_end_acc": 0.6899716177861873,
  "best_validation_span_acc": 0.5689687795648061,
  "best_validation_em": 0.70879848628193,
  "best_validation_f1": 0.800667231074614,
  "best_validation_loss": 2.2899830296354473
}