{
  "best_epoch": 4,
  "peak_cpu_memory_MB": 37757.432,
  "peak_gpu_0_memory_MB": 1639,
  "peak_gpu_1_memory_MB": 7879,
  "peak_gpu_2_memory_MB": 15643,
  "peak_gpu_3_memory_MB": 10611,
  "peak_gpu_4_memory_MB": 4217,
  "peak_gpu_5_memory_MB": 7879,
  "peak_gpu_6_memory_MB": 12227,
  "peak_gpu_7_memory_MB": 6763,
  "training_duration": "4:38:44.624174",
  "training_start_epoch": 0,
  "training_epochs": 6,
  "epoch": 6,
  "training_start_acc": 0.7619036746994828,
  "training_end_acc": 0.7983881094533043,
  "training_span_acc": 0.6724163517848377,
  "training_em": 0.729597369832989,
  "training_f1": 0.8499179957389993,
  "training_loss": 1.4086693142919235,
  "training_cpu_memory_MB": 37757.432,
  "training_gpu_0_memory_MB": 1639,
  "training_gpu_1_memory_MB": 7879,
  "training_gpu_2_memory_MB": 15643,
  "training_gpu_3_memory_MB": 10611,
  "training_gpu_4_memory_MB": 0,
  "training_gpu_5_memory_MB": 7879,
  "training_gpu_6_memory_MB": 12227,
  "training_gpu_7_memory_MB": 6763,
  "validation_start_acc": 0.6519394512771997,
  "validation_end_acc": 0.6924314096499526,
  "validation_span_acc": 0.5649006622516556,
  "validation_em": 0.7055818353831599,
  "validation_f1": 0.7965747868728652,
  "validation_loss": 2.4327021675289804,
  "best_validation_start_acc": 0.6584673604541155,
  "best_validation_end_acc": 0.6899716177861873,
  "best_validation_span_acc": 0.5689687795648061,
  "best_validation_em": 0.70879848628193,
  "best_validation_f1": 0.800667231074614,
  "best_validation_loss": 2.2899830296354473
}