{
  "best_epoch": 1,
  "peak_cpu_memory_MB": 37727.4,
  "peak_gpu_0_memory_MB": 1639,
  "peak_gpu_1_memory_MB": 0,
  "peak_gpu_2_memory_MB": 10205,
  "peak_gpu_3_memory_MB": 10609,
  "peak_gpu_4_memory_MB": 0,
  "peak_gpu_5_memory_MB": 10,
  "peak_gpu_6_memory_MB": 0,
  "peak_gpu_7_memory_MB": 0,
  "training_duration": "1:24:38.904031",
  "training_start_epoch": 0,
  "training_epochs": 1,
  "epoch": 1,
  "training_start_acc": 0.6060799780819416,
  "training_end_acc": 0.649722028790283,
  "training_span_acc": 0.5068322697747691,
  "training_em": 0.5663649128414708,
  "training_f1": 0.7108979079685194,
  "training_loss": 2.5968964412332127,
  "training_cpu_memory_MB": 37727.4,
  "training_gpu_0_memory_MB": 1639,
  "training_gpu_1_memory_MB": 0,
  "training_gpu_2_memory_MB": 10205,
  "training_gpu_3_memory_MB": 10609,
  "training_gpu_4_memory_MB": 0,
  "training_gpu_5_memory_MB": 0,
  "training_gpu_6_memory_MB": 0,
  "training_gpu_7_memory_MB": 0,
  "validation_start_acc": 0.6548722800378429,
  "validation_end_acc": 0.6914853358561968,
  "validation_span_acc": 0.5680227057710502,
  "validation_em": 0.700946073793756,
  "validation_f1": 0.7935572318283439,
  "validation_loss": 2.2518546837680744,
  "best_validation_start_acc": 0.6548722800378429,
  "best_validation_end_acc": 0.6914853358561968,
  "best_validation_span_acc": 0.5680227057710502,
  "best_validation_em": 0.700946073793756,
  "best_validation_f1": 0.7935572318283439,
  "best_validation_loss": 2.2518546837680744
}