{
  "best_epoch": 1,
  "peak_cpu_memory_MB": 37746.196,
  "peak_gpu_0_memory_MB": 1639,
  "peak_gpu_1_memory_MB": 7879,
  "peak_gpu_2_memory_MB": 15643,
  "peak_gpu_3_memory_MB": 10609,
  "peak_gpu_4_memory_MB": 0,
  "peak_gpu_5_memory_MB": 7879,
  "peak_gpu_6_memory_MB": 1175,
  "peak_gpu_7_memory_MB": 0,
  "training_duration": "2:04:01.173362",
  "training_start_epoch": 0,
  "training_epochs": 2,
  "epoch": 2,
  "training_start_acc": 0.6542997066176555,
  "training_end_acc": 0.697610703318531,
  "training_span_acc": 0.5555771184602564,
  "training_em": 0.6162056644482243,
  "training_f1": 0.7578912117426606,
  "training_loss": 2.2116263826143796,
  "training_cpu_memory_MB": 37746.196,
  "training_gpu_0_memory_MB": 1639,
  "training_gpu_1_memory_MB": 7879,
  "training_gpu_2_memory_MB": 15643,
  "training_gpu_3_memory_MB": 10609,
  "training_gpu_4_memory_MB": 0,
  "training_gpu_5_memory_MB": 7879,
  "training_gpu_6_memory_MB": 1175,
  "training_gpu_7_memory_MB": 0,
  "validation_start_acc": 0.6655629139072847,
  "validation_end_acc": 0.6867549668874172,
  "validation_span_acc": 0.5629139072847682,
  "validation_em": 0.697445600756859,
  "validation_f1": 0.7947103033467712,
  "validation_loss": 2.237811747586952,
  "best_validation_start_acc": 0.6548722800378429,
  "best_validation_end_acc": 0.6914853358561968,
  "best_validation_span_acc": 0.5680227057710502,
  "best_validation_em": 0.700946073793756,
  "best_validation_f1": 0.7935572318283439,
  "best_validation_loss": 2.2518546837680744
}