{
  "best_epoch": 3,
  "peak_cpu_memory_MB": 37747.564,
  "peak_gpu_0_memory_MB": 1639,
  "peak_gpu_1_memory_MB": 7879,
  "peak_gpu_2_memory_MB": 15643,
  "peak_gpu_3_memory_MB": 10609,
  "peak_gpu_4_memory_MB": 4217,
  "peak_gpu_5_memory_MB": 7879,
  "peak_gpu_6_memory_MB": 1175,
  "peak_gpu_7_memory_MB": 0,
  "training_duration": "2:42:25.257243",
  "training_start_epoch": 0,
  "training_epochs": 3,
  "epoch": 3,
  "training_start_acc": 0.6915261589744175,
  "training_end_acc": 0.7297914359752965,
  "training_span_acc": 0.5929291430267469,
  "training_em": 0.6535576890147148,
  "training_f1": 0.7908461154220224,
  "training_loss": 1.9356592433365514,
  "training_cpu_memory_MB": 37747.564,
  "training_gpu_0_memory_MB": 1639,
  "training_gpu_1_memory_MB": 7879,
  "training_gpu_2_memory_MB": 15643,
  "training_gpu_3_memory_MB": 10609,
  "training_gpu_4_memory_MB": 4217,
  "training_gpu_5_memory_MB": 7879,
  "training_gpu_6_memory_MB": 0,
  "training_gpu_7_memory_MB": 0,
  "validation_start_acc": 0.6649006622516557,
  "validation_end_acc": 0.6882686849574267,
  "validation_span_acc": 0.5664143803216651,
  "validation_em": 0.7032166508987701,
  "validation_f1": 0.8000608981639126,
  "validation_loss": 2.233853898408278,
  "best_validation_start_acc": 0.6649006622516557,
  "best_validation_end_acc": 0.6882686849574267,
  "best_validation_span_acc": 0.5664143803216651,
  "best_validation_em": 0.7032166508987701,
  "best_validation_f1": 0.8000608981639126,
  "best_validation_loss": 2.233853898408278
}