{
  "best_epoch": 4,
  "peak_cpu_memory_MB": 37757.432,
  "peak_gpu_0_memory_MB": 1639,
  "peak_gpu_1_memory_MB": 7879,
  "peak_gpu_2_memory_MB": 15643,
  "peak_gpu_3_memory_MB": 10609,
  "peak_gpu_4_memory_MB": 4217,
  "peak_gpu_5_memory_MB": 7879,
  "peak_gpu_6_memory_MB": 1175,
  "peak_gpu_7_memory_MB": 0,
  "training_duration": "3:59:15.923708",
  "training_start_epoch": 0,
  "training_epochs": 5,
  "epoch": 5,
  "training_start_acc": 0.7419833559743833,
  "training_end_acc": 0.7812532106530896,
  "training_span_acc": 0.6493795591273873,
  "training_em": 0.7075309078870763,
  "training_f1": 0.834683025873275,
  "training_loss": 1.5433970976365756,
  "training_cpu_memory_MB": 37757.432,
  "training_gpu_0_memory_MB": 1639,
  "training_gpu_1_memory_MB": 7879,
  "training_gpu_2_memory_MB": 15643,
  "training_gpu_3_memory_MB": 10609,
  "training_gpu_4_memory_MB": 0,
  "training_gpu_5_memory_MB": 7879,
  "training_gpu_6_memory_MB": 0,
  "training_gpu_7_memory_MB": 0,
  "validation_start_acc": 0.6558183538315988,
  "validation_end_acc": 0.6877956480605487,
  "validation_span_acc": 0.5626300851466415,
  "validation_em": 0.7014191106906339,
  "validation_f1": 0.7958128664065772,
  "validation_loss": 2.3867012435535213,
  "best_validation_start_acc": 0.6584673604541155,
  "best_validation_end_acc": 0.6899716177861873,
  "best_validation_span_acc": 0.5689687795648061,
  "best_validation_em": 0.70879848628193,
  "best_validation_f1": 0.800667231074614,
  "best_validation_loss": 2.2899830296354473
}